survey2,hhid2,indID,relat,gender,age,degree,wf2
bsh,1000060,1,4,2,33,5,18.857559
bsh,1000060,2,3,2,65,5,18.857559
bsh,1000150,1,3,1,80,2,41.270985
bsh,1000150,2,3,2,76,4,41.270985
bsh,1000150,3,9,2,35,1,41.270985
bsh,1000160,1,3,1,52,2,41.270985
bsh,1000160,2,3,2,49,4,41.270985
bsh,1000160,3,4,2,22,2,41.270985
bsh,1000160,4,4,2,21,2,41.270985
bsh,1000160,5,4,1,17,,41.270985
bsh,1000160,6,4,2,15,,41.270985
bsh,1000160,7,4,2,13,,41.270985
bsh,1000160,8,4,2,11,,41.270985
bsh,1000160,9,4,2,7,,41.270985
bsh,1000180,1,3,1,83,5,28.185598
bsh,1000180,2,4,1,58,1,28.185598
bsh,1000230,1,2,1,67,2,28.185598
bsh,1000230,2,2,2,65,2,28.185598
bsh,1000270,1,3,2,28,4,41.270985
bsh,1000270,2,3,1,43,4,41.270985
bsh,1000270,3,4,1,8,,41.270985
bsh,1000270,4,4,1,7,,41.270985
bsh,1000270,5,4,1,6,,41.270985
bsh,1000270,6,4,1,5,,41.270985
bsh,1000270,7,4,1,5,,41.270985
bsh,1000270,8,4,1,1,,41.270985
bsh,1000320,1,3,2,49,4,52.447647
bsh,1000320,2,3,1,48,2,52.447647
bsh,1000320,3,4,1,5,,52.447647
bsh,1000330,1,2,1,27,3,28.185598
bsh,1000330,2,2,2,25,3,28.185598
bsh,1000350,1,1,2,75,6,34.990002
bsh,1000360,1,1,2,77,4,34.990002
bsh,1000370,1,1,2,81,4,34.990002
bsh,1000380,1,1,2,79,3,34.990002
bsh,1000390,1,1,2,57,4,34.990002
bsh,1000400,1,1,2,59,3,34.990002
bsh,1000420,1,1,2,81,3,34.990002
bsh,1000440,1,1,1,78,6,34.990002
bsh,1000533,1,2,1,38,1,30.942287
bsh,1000533,2,2,2,34,1,30.942287
bsh,1000650,1,7,1,25,3,9.068449
bsh,1000650,2,7,1,25,3,9.068449
bsh,1000670,1,2,1,25,3,9.068449
bsh,1000670,2,2,2,25,3,9.068449
bsh,1000680,1,3,1,64,1,52.447647
bsh,1000680,2,3,2,60,1,52.447647
bsh,1000680,3,4,1,25,3,52.447647
bsh,1000720,1,7,1,20,3,52.447647
bsh,1000720,2,7,1,21,3,52.447647
bsh,1000720,3,7,1,22,3,52.447647
bsh,1000820,1,4,1,39,1,53.883751
bsh,1000820,2,3,2,58,1,53.883751
bsh,1000820,3,3,1,60,1,53.883751
bsh,1000820,4,6,1,10,,53.883751
bsh,1000830,1,3,2,37,5,53.883751
bsh,1000830,2,4,1,11,,53.883751
bsh,1000830,3,4,1,9,,53.883751
bsh,1000830,4,4,2,8,,53.883751
bsh,1000870,1,3,1,49,1,53.883751
bsh,1000870,2,3,2,44,4,53.883751
bsh,1000870,3,4,2,17,,53.883751
bsh,1000870,4,4,2,18,4,53.883751
bsh,1000870,5,4,1,21,4,53.883751
bsh,1000940,1,2,2,26,5,9.068449
bsh,1000940,2,2,1,26,3,9.068449
bsh,1000950,1,7,1,31,5,9.068449
bsh,1000950,2,7,1,30,5,9.068449
bsh,1000970,1,2,1,28,3,9.068449
bsh,1000970,2,2,2,29,5,9.068449
bsh,1001030,1,2,2,30,6,9.068449
bsh,1001030,2,2,1,30,5,9.068449
bsh,1001040,1,1,1,22,3,24.4
bsh,1001140,1,2,2,68,1,23.457285
bsh,1001140,2,2,1,70,2,23.457285
bsh,1001150,1,3,1,57,2,25.348415
bsh,1001150,2,3,2,55,3,25.348415
bsh,1001150,3,4,2,26,5,25.348415
bsh,1001150,4,4,2,19,3,25.348415
bsh,1001150,5,4,1,15,,25.348415
bsh,1001160,1,3,2,34,3,25.348415
bsh,1001160,2,3,1,38,2,25.348415
bsh,1001160,3,4,1,10,,25.348415
bsh,1001160,4,4,1,6,,25.348415
bsh,1001160,5,4,1,3,,25.348415
bsh,1001180,1,3,1,53,6,25.348415
bsh,1001180,2,3,2,50,6,25.348415
bsh,1001180,3,4,1,26,3,25.348415
bsh,1001180,4,5,1,90,3,25.348415
bsh,1001180,5,5,2,80,3,25.348415
bsh,1001200,1,3,1,38,4,25.348415
bsh,1001200,2,3,2,35,3,25.348415
bsh,1001200,3,4,2,11,,25.348415
bsh,1001200,4,4,1,9,,25.348415
bsh,1001200,5,4,1,2,,25.348415
bsh,1001210,1,3,2,49,5,25.348415
bsh,1001210,2,4,2,19,3,25.348415
bsh,1001210,3,4,2,16,,25.348415
bsh,1001240,1,3,2,43,3,25.348415
bsh,1001240,2,3,1,47,3,25.348415
bsh,1001240,3,4,1,18,3,25.348415
bsh,1001270,1,3,2,50,5,25.348415
bsh,1001270,2,3,1,50,3,25.348415
bsh,1001270,3,4,2,15,,25.348415
bsh,1001300,1,7,2,23,3,19.562874
bsh,1001300,2,7,2,22,3,19.562874
bsh,1001310,1,2,1,60,5,19.562874
bsh,1001310,2,2,2,55,5,19.562874
bsh,1001320,1,3,2,40,2,43.878876
bsh,1001320,2,3,1,41,2,43.878876
bsh,1001320,3,4,2,15,,43.878876
bsh,1001320,4,4,1,13,,43.878876
bsh,1001320,5,4,2,7,,43.878876
bsh,1001320,6,4,2,3,,43.878876
bsh,1001330,1,3,2,51,4,43.878876
bsh,1001330,2,3,1,55,1,43.878876
bsh,1001330,3,4,1,25,3,43.878876
bsh,1001330,4,4,2,21,3,43.878876
bsh,1001330,5,4,2,17,,43.878876
bsh,1001330,6,4,2,17,,43.878876
bsh,1001430,1,1,2,62,3,37.040001
bsh,1001530,1,3,1,51,5,43.878876
bsh,1001530,2,3,2,46,5,43.878876
bsh,1001530,3,4,2,20,3,43.878876
bsh,1001530,4,4,1,18,1,43.878876
bsh,1001530,5,4,1,14,,43.878876
bsh,1001530,6,4,2,11,,43.878876
bsh,1001550,1,3,1,53,5,48.813015
bsh,1001550,2,3,2,53,4,48.813015
bsh,1001550,3,4,1,29,5,48.813015
bsh,1001550,4,4,1,20,4,48.813015
bsh,1001590,1,3,2,37,5,48.813015
bsh,1001590,2,3,1,40,3,48.813015
bsh,1001590,3,4,2,15,,48.813015
bsh,1001590,4,4,1,13,,48.813015
bsh,1001590,5,4,2,10,,48.813015
bsh,1001590,6,4,2,4,,48.813015
bsh,1001600,1,3,1,57,1,48.813015
bsh,1001600,2,3,2,53,4,48.813015
bsh,1001600,3,4,1,21,3,48.813015
bsh,1001620,1,3,2,36,4,48.813015
bsh,1001620,2,3,1,37,4,48.813015
bsh,1001620,3,4,2,10,,48.813015
bsh,1001620,4,4,2,8,,48.813015
bsh,1001620,5,4,1,6,,48.813015
bsh,1001620,6,4,2,1,,48.813015
bsh,1001640,1,3,2,31,3,48.813015
bsh,1001640,2,3,1,30,4,48.813015
bsh,1001640,3,4,1,5,,48.813015
bsh,1001640,4,4,2,2,,48.813015
bsh,1001690,1,1,1,71,5,43.189999
bsh,1001730,1,3,1,38,6,48.813015
bsh,1001730,2,3,2,34,6,48.813015
bsh,1001730,3,4,2,12,,48.813015
bsh,1001730,4,4,1,10,,48.813015
bsh,1001730,5,4,1,8,,48.813015
bsh,1001730,6,4,1,5,,48.813015
bsh,1001730,7,4,1,4,,48.813015
bsh,1001730,8,4,2,2,,48.813015
bsh,1001760,1,3,1,45,6,48.813015
bsh,1001760,2,3,2,44,6,48.813015
bsh,1001760,3,4,2,13,,48.813015
bsh,1001760,4,4,2,10,,48.813015
bsh,1001760,5,4,1,8,,48.813015
bsh,1001780,1,1,2,40,6,43.189999
bsh,1001800,1,3,1,76,1,48.813015
bsh,1001800,2,4,1,50,4,48.813015
bsh,1001800,3,6,2,24,4,48.813015
bsh,1001830,1,3,2,33,6,48.813015
bsh,1001830,2,3,1,33,6,48.813015
bsh,1001830,3,4,2,2,,48.813015
bsh,1001830,4,4,1,1,,48.813015
bsh,1001870,1,3,2,43,1,43.960041
bsh,1001870,2,3,1,18,4,43.960041
bsh,1001870,3,4,1,21,1,43.960041
bsh,1001870,4,4,1,17,,43.960041
bsh,1001870,5,4,2,15,,43.960041
bsh,1001870,6,4,1,6,,43.960041
bsh,1001870,7,4,1,6,,43.960041
bsh,1001880,1,3,2,31,3,43.960041
bsh,1001880,2,3,1,34,3,43.960041
bsh,1001880,3,4,1,7,,43.960041
bsh,1001880,4,4,1,4,,43.960041
bsh,1001880,5,4,1,1,,43.960041
bsh,1001890,1,4,1,27,5,34.472309
bsh,1001890,2,3,2,59,6,34.472309
bsh,1002000,1,3,2,32,5,43.960041
bsh,1002000,2,3,1,38,5,43.960041
bsh,1002000,3,4,2,4,,43.960041
bsh,1002000,4,4,1,1,,43.960041
bsh,1002010,1,3,1,32,3,43.960041
bsh,1002010,2,3,2,31,3,43.960041
bsh,1002010,3,4,1,2,,43.960041
bsh,1002010,4,4,1,1,,43.960041
bsh,1002020,1,3,2,41,6,43.960041
bsh,1002020,2,3,1,43,5,43.960041
bsh,1002020,3,4,1,14,,43.960041
bsh,1002020,4,4,2,7,,43.960041
bsh,1002050,1,3,2,30,6,43.960041
bsh,1002050,2,3,1,30,6,43.960041
bsh,1002050,3,4,1,1,,43.960041
bsh,1002050,4,4,2,1,,43.960041
bsh,1002070,1,3,2,43,3,43.960041
bsh,1002070,2,3,1,47,3,43.960041
bsh,1002070,3,4,2,14,,43.960041
bsh,1002080,1,3,2,44,5,43.960041
bsh,1002080,2,3,1,46,6,43.960041
bsh,1002080,3,4,2,22,3,43.960041
bsh,1002080,4,4,1,15,,43.960041
bsh,1002090,1,3,2,39,6,43.960041
bsh,1002090,2,3,1,39,3,43.960041
bsh,1002090,3,4,1,17,,43.960041
bsh,1002090,4,4,2,9,,43.960041
bsh,1002100,1,3,2,40,5,43.960041
bsh,1002100,2,4,2,15,,43.960041
bsh,1002100,3,4,2,1,,43.960041
bsh,1002120,1,3,1,37,5,43.960041
bsh,1002120,2,3,2,35,6,43.960041
bsh,1002120,3,4,1,7,,43.960041
bsh,1002120,4,4,1,4,,43.960041
bsh,1002120,5,4,1,3,,43.960041
bsh,1002140,1,3,2,35,5,43.960041
bsh,1002140,2,3,1,37,2,43.960041
bsh,1002140,3,4,1,7,,43.960041
bsh,1002140,4,4,2,2,,43.960041
bsh,1002150,1,3,2,36,7,43.960041
bsh,1002150,2,3,1,42,6,43.960041
bsh,1002150,3,4,2,10,,43.960041
bsh,1002160,1,2,2,53,5,43.960041
bsh,1002160,2,2,1,55,2,43.960041
bsh,1002160,3,6,1,86,2,43.960041
bsh,1002170,1,3,1,34,5,43.960041
bsh,1002170,2,3,2,35,3,43.960041
bsh,1002170,3,4,1,3,,43.960041
bsh,1002170,4,4,1,2,,43.960041
bsh,1002190,1,3,2,34,2,43.960041
bsh,1002190,2,3,1,41,5,43.960041
bsh,1002190,3,4,1,13,,43.960041
bsh,1002190,4,4,1,9,,43.960041
bsh,1002190,5,4,1,3,,43.960041
bsh,1002200,1,3,1,60,5,43.960041
bsh,1002200,2,3,2,60,3,43.960041
bsh,1002200,3,4,1,36,3,43.960041
bsh,1002210,1,3,1,34,2,43.960041
bsh,1002210,2,3,2,30,3,43.960041
bsh,1002210,3,4,2,6,,43.960041
bsh,1002210,4,4,1,1,,43.960041
bsh,1002220,1,3,2,31,5,43.960041
bsh,1002220,2,3,1,35,2,43.960041
bsh,1002220,3,4,2,8,,43.960041
bsh,1002220,4,4,1,6,,43.960041
bsh,1002230,1,3,2,31,3,43.960041
bsh,1002230,2,3,1,32,2,43.960041
bsh,1002230,3,4,2,6,,43.960041
bsh,1002230,4,4,2,3,,43.960041
bsh,1002260,1,3,2,30,5,43.960041
bsh,1002260,2,3,1,33,5,43.960041
bsh,1002260,3,4,2,5,,43.960041
bsh,1002260,4,4,2,1,,43.960041
bsh,1002270,1,3,2,29,3,43.960041
bsh,1002270,2,3,1,31,3,43.960041
bsh,1002270,3,4,1,4,,43.960041
bsh,1002270,4,4,2,1,,43.960041
bsh,1002290,1,3,2,38,3,43.960041
bsh,1002290,2,3,1,38,3,43.960041
bsh,1002290,3,4,2,13,,43.960041
bsh,1002290,4,4,2,12,,43.960041
bsh,1002290,5,4,2,5,,43.960041
bsh,1002290,6,4,1,3,,43.960041
bsh,1002300,1,2,2,29,5,34.472309
bsh,1002300,2,2,1,29,5,34.472309
bsh,1002320,1,3,2,32,5,43.960041
bsh,1002320,2,3,1,39,6,43.960041
bsh,1002320,3,4,2,2,,43.960041
bsh,1002320,4,4,2,1,,43.960041
bsh,1002360,1,3,1,29,3,43.960041
bsh,1002360,2,3,2,27,3,43.960041
bsh,1002360,3,4,1,2,,43.960041
bsh,1002370,1,3,2,29,5,43.960041
bsh,1002370,2,3,1,29,3,43.960041
bsh,1002370,3,4,1,5,,43.960041
bsh,1002370,4,4,2,2,,43.960041
bsh,1002410,1,7,1,27,3,9.115689
bsh,1002410,2,7,2,26,3,9.115689
bsh,1002420,1,1,2,52,1,20.75
bsh,1002440,1,1,2,24,3,20.75
bsh,1002460,1,1,1,27,3,20.75
bsh,1002470,1,1,2,26,3,20.75
bsh,1002490,1,9,2,23,3,9.115689
bsh,1002490,2,9,2,24,3,9.115689
bsh,1002500,1,1,1,25,3,20.75
bsh,1002530,1,9,1,24,3,37.85928
bsh,1002530,2,9,1,23,3,37.85928
bsh,1002530,3,9,2,24,3,37.85928
bsh,1002540,1,2,1,26,3,9.115689
bsh,1002540,2,2,2,25,3,9.115689
bsh,1002593,1,3,2,50,4,37.85928
bsh,1002593,2,4,2,26,5,37.85928
bsh,1002593,3,4,2,24,3,37.85928
bsh,1002610,1,3,2,54,1,9.115689
bsh,1002610,2,4,1,30,4,9.115689
bsh,1002630,1,3,1,32,3,37.85928
bsh,1002630,2,3,2,27,5,37.85928
bsh,1002630,3,4,1,2,,37.85928
bsh,1002720,1,3,2,30,2,47.58638
bsh,1002720,2,4,2,9,,47.58638
bsh,1002720,3,4,1,7,,47.58638
bsh,1002730,1,9,1,20,3,36.297398
bsh,1002730,2,9,1,22,3,36.297398
bsh,1002730,3,9,1,22,3,36.297398
bsh,1002740,1,3,1,58,3,36.297398
bsh,1002740,2,3,2,50,5,36.297398
bsh,1002740,3,4,2,28,3,36.297398
bsh,1002810,1,3,2,30,3,36.297398
bsh,1002810,2,4,1,12,,36.297398
bsh,1002810,3,4,1,5,,36.297398
bsh,1002810,4,4,1,4,,36.297398
bsh,1002820,1,1,1,50,4,30.450001
bsh,1002830,1,2,1,26,3,18.024281
bsh,1002830,2,2,2,25,3,18.024281
bsh,1002880,1,1,2,63,6,30.450001
bsh,1002930,1,1,2,59,6,30.215
bsh,1002940,1,1,1,74,3,30.215
bsh,1002980,1,3,2,46,2,40.471054
bsh,1002980,2,3,1,45,2,40.471054
bsh,1002980,3,4,2,23,3,40.471054
bsh,1002990,1,3,2,60,1,40.471054
bsh,1002990,2,3,1,70,1,40.471054
bsh,1002990,3,6,2,2,,40.471054
bsh,1002990,4,4,1,37,3,40.471054
bsh,1003010,1,2,1,29,6,14.44231
bsh,1003010,2,2,2,27,5,14.44231
bsh,1003020,1,3,2,22,3,20.667534
bsh,1003020,2,4,1,3,,20.667534
bsh,1003050,1,1,1,28,3,30.215
bsh,1003060,1,3,2,40,4,40.471054
bsh,1003060,2,3,1,42,4,40.471054
bsh,1003060,3,4,2,17,,40.471054
bsh,1003060,4,4,1,12,,40.471054
bsh,1003070,1,3,1,64,1,40.471054
bsh,1003070,2,3,2,57,1,40.471054
bsh,1003070,3,4,2,22,2,40.471054
bsh,1003070,4,9,1,22,3,40.471054
bsh,1003080,1,2,1,64,2,18.024281
bsh,1003080,2,2,2,59,2,18.024281
bsh,1003090,1,3,2,50,4,40.471054
bsh,1003090,2,3,1,63,4,40.471054
bsh,1003090,3,4,2,19,3,40.471054
bsh,1003090,4,4,2,23,3,40.471054
bsh,1003090,5,4,2,17,,40.471054
bsh,1003090,6,4,1,16,,40.471054
bsh,1003140,1,3,2,38,4,15.380822
bsh,1003140,2,4,1,14,,15.380822
bsh,1003320,1,1,2,26,3,32.080002
bsh,1003330,1,2,1,34,2,15.380822
bsh,1003330,2,2,2,25,3,15.380822
bsh,1003350,1,3,2,33,2,47.58638
bsh,1003350,2,3,1,37,2,47.58638
bsh,1003350,3,4,2,13,,47.58638
bsh,1003370,1,4,1,33,5,47.58638
bsh,1003370,2,4,2,24,3,47.58638
bsh,1003370,3,3,2,67,3,47.58638
bsh,1003370,4,4,2,31,5,47.58638
bsh,1003424,1,3,1,45,2,34.159489
bsh,1003424,2,3,2,37,2,34.159489
bsh,1003424,3,4,1,11,,34.159489
bsh,1003424,4,4,2,9,,34.159489
bsh,1003424,5,4,1,1,,34.159489
bsh,1003460,1,3,1,26,3,34.159489
bsh,1003460,2,3,2,27,5,34.159489
bsh,1003460,3,4,2,4,,34.159489
bsh,1003460,4,4,2,1,,34.159489
bsh,1003481,1,3,1,42,4,34.159489
bsh,1003481,2,3,2,32,1,34.159489
bsh,1003481,3,4,2,7,,34.159489
bsh,1003481,4,4,2,5,,34.159489
bsh,1003481,5,4,2,3,,34.159489
bsh,1003500,1,3,1,33,5,34.159489
bsh,1003500,2,3,2,32,5,34.159489
bsh,1003500,3,4,2,6,,34.159489
bsh,1003500,4,4,2,4,,34.159489
bsh,1003500,5,4,2,2,,34.159489
bsh,1003510,1,3,1,36,5,34.159489
bsh,1003510,2,3,2,34,5,34.159489
bsh,1003510,3,4,1,13,,34.159489
bsh,1003510,4,4,2,11,,34.159489
bsh,1003510,5,4,1,9,,34.159489
bsh,1003510,6,3,1,6,,34.159489
bsh,1003510,7,4,2,2,,34.159489
bsh,1003520,1,3,1,30,5,34.159489
bsh,1003520,2,3,2,29,5,34.159489
bsh,1003520,3,4,1,6,,34.159489
bsh,1003520,4,3,1,4,,34.159489
bsh,1003520,5,4,1,2,,34.159489
bsh,1003520,6,4,1,1,,34.159489
bsh,1003530,1,3,1,32,6,34.159489
bsh,1003530,2,3,2,27,5,34.159489
bsh,1003530,3,4,1,6,,34.159489
bsh,1003530,4,4,2,4,,34.159489
bsh,1003530,5,4,1,2,,34.159489
bsh,1003540,1,3,2,27,5,34.159489
bsh,1003540,2,3,1,27,5,34.159489
bsh,1003540,3,4,2,3,,34.159489
bsh,1003570,1,3,2,34,6,34.159489
bsh,1003570,2,3,1,35,5,34.159489
bsh,1003570,3,3,2,10,,34.159489
bsh,1003570,4,3,1,9,,34.159489
bsh,1003570,5,4,2,4,,34.159489
bsh,1003570,6,4,2,2,,34.159489
bsh,1003580,1,2,1,68,4,26.061464
bsh,1003580,2,2,2,65,5,26.061464
bsh,1003610,1,2,2,59,4,20.667534
bsh,1003610,2,2,1,59,2,20.667534
bsh,1003640,1,3,2,42,4,55.89727
bsh,1003640,2,4,1,16,,55.89727
bsh,1003640,3,4,2,11,,55.89727
bsh,1003680,1,2,2,63,1,20.667534
bsh,1003680,2,2,1,69,1,20.667534
bsh,1003700,1,1,1,92,4,37.630001
bsh,1003710,1,1,2,77,6,37.630001
bsh,1003750,1,2,2,68,3,20.667534
bsh,1003750,2,2,1,72,3,20.667534
bsh,1003760,1,1,2,77,2,37.630001
bsh,1003770,1,1,2,82,4,37.630001
bsh,1003783,1,3,1,36,4,55.89727
bsh,1003783,2,3,2,35,3,55.89727
bsh,1003783,3,4,2,9,,55.89727
bsh,1003830,1,3,1,31,6,55.89727
bsh,1003830,2,3,2,33,6,55.89727
bsh,1003830,3,4,2,5,,55.89727
bsh,1003850,1,3,1,49,2,55.89727
bsh,1003850,2,3,2,48,3,55.89727
bsh,1003850,3,4,1,24,3,55.89727
bsh,1003850,4,4,2,20,3,55.89727
bsh,1003850,5,4,2,12,,55.89727
bsh,1003860,1,3,1,59,6,55.89727
bsh,1003860,2,3,2,58,7,55.89727
bsh,1003860,3,4,1,26,5,55.89727
bsh,1003860,4,4,2,24,3,55.89727
bsh,1003880,1,2,2,65,4,20.667534
bsh,1003880,2,2,1,63,5,20.667534
bsh,1003911,1,3,1,34,4,48.014259
bsh,1003911,2,3,2,27,2,48.014259
bsh,1003911,3,4,2,3,,48.014259
bsh,1003961,1,1,2,61,4,37.630001
bsh,1003981,1,2,1,35,1,32.630047
bsh,1003981,2,2,2,35,4,32.630047
bsh,1004070,1,3,2,24,3,48.014259
bsh,1004070,2,3,1,35,3,48.014259
bsh,1004070,3,4,1,4,,48.014259
bsh,1004070,4,4,1,1,,48.014259
bsh,1004120,1,3,2,36,5,48.014259
bsh,1004120,2,3,1,67,6,48.014259
bsh,1004120,3,4,1,12,,48.014259
bsh,1004160,1,3,1,43,2,48.014259
bsh,1004160,2,3,2,47,4,48.014259
bsh,1004160,3,4,2,16,4,48.014259
bsh,1004160,4,4,2,12,,48.014259
bsh,1004160,5,4,1,13,,48.014259
bsh,1004160,6,4,2,10,,48.014259
bsh,1004180,1,3,1,45,2,48.014259
bsh,1004180,2,3,2,45,5,48.014259
bsh,1004180,3,4,2,21,3,48.014259
bsh,1004210,1,2,2,24,3,32.630047
bsh,1004210,2,2,1,26,3,32.630047
bsh,1004290,1,3,1,35,5,48.014259
bsh,1004290,2,3,2,35,6,48.014259
bsh,1004290,3,4,2,3,,48.014259
bsh,1004290,4,4,1,1,,48.014259
bsh,1004352,1,9,2,19,3,41.384823
bsh,1004352,2,9,2,21,3,41.384823
bsh,1004352,3,9,2,19,3,41.384823
bsh,1004352,4,9,2,19,3,41.384823
bsh,1004352,5,9,2,21,3,41.384823
bsh,1004352,6,9,2,19,3,41.384823
bsh,1004370,1,3,1,35,3,41.05933
bsh,1004370,2,3,2,35,4,41.05933
bsh,1004370,3,6,2,54,4,41.05933
bsh,1004370,4,4,1,1,,41.05933
bsh,1004380,1,2,1,26,3,26.593588
bsh,1004380,2,2,2,24,3,26.593588
bsh,1004430,1,3,2,62,4,26.593588
bsh,1004430,2,4,2,22,3,26.593588
bsh,1004470,1,1,1,30,5,35.548573
bsh,1004482,1,3,1,32,5,41.05933
bsh,1004482,2,3,2,29,4,41.05933
bsh,1004482,3,4,1,4,,41.05933
bsh,1004482,4,4,2,2,,41.05933
bsh,1004490,1,1,1,44,5,35.548573
bsh,1004510,1,3,2,28,3,47.830555
bsh,1004510,2,3,1,29,4,47.830555
bsh,1004510,3,4,2,8,,47.830555
bsh,1004510,4,4,1,6,,47.830555
bsh,1004510,5,4,2,5,,47.830555
bsh,1004560,1,2,1,31,5,31.027939
bsh,1004560,2,2,2,27,5,31.027939
bsh,1004570,1,1,2,65,3,40.51059
bsh,1004640,1,1,2,71,4,40.51059
bsh,1004680,1,2,1,31,5,29.123976
bsh,1004680,2,2,2,31,5,29.123976
bsh,1004710,1,1,1,38,5,40.51059
bsh,1004760,1,9,1,26,4,43.316151
bsh,1004760,2,9,2,25,3,43.316151
bsh,1004760,3,9,1,25,3,43.316151
bsh,1004780,1,3,2,46,4,14.44231
bsh,1004780,2,4,2,17,,14.44231
bsh,1004790,1,2,1,27,5,14.44231
bsh,1004790,2,2,2,25,5,14.44231
bsh,1004800,1,2,1,31,5,14.44231
bsh,1004800,2,2,2,31,6,14.44231
bsh,1004920,1,2,1,30,3,14.44231
bsh,1004920,2,2,2,29,5,14.44231
bsh,1004950,1,1,2,78,2,25.27
bsh,1004960,1,7,1,23,3,43.316151
bsh,1004960,2,7,2,25,5,43.316151
bsh,1004960,3,7,2,25,5,43.316151
bsh,1004960,4,7,2,24,5,43.316151
bsh,1004970,1,3,2,58,2,43.316151
bsh,1004970,2,3,1,63,6,43.316151
bsh,1004970,3,4,2,32,3,43.316151
bsh,1004980,1,3,1,55,5,43.316151
bsh,1004980,2,3,2,52,5,43.316151
bsh,1004980,3,4,1,27,4,43.316151
bsh,1004980,4,4,1,24,3,43.316151
bsh,1004980,5,4,1,20,3,43.316151
bsh,1004980,6,4,1,15,,43.316151
bsh,1005000,1,2,1,31,5,14.44231
bsh,1005000,2,2,2,26,5,14.44231
bsh,1005020,1,1,2,86,1,25.27
bsh,1005050,1,2,2,25,3,14.44231
bsh,1005050,2,2,1,29,3,14.44231
bsh,1005060,1,2,1,30,3,14.44231
bsh,1005060,2,2,2,27,5,14.44231
bsh,1005070,1,1,2,87,6,25.27
bsh,1005080,1,3,2,40,6,43.316151
bsh,1005080,2,3,1,41,2,43.316151
bsh,1005080,3,4,2,9,,43.316151
bsh,1005080,4,4,1,7,,43.316151
bsh,1005080,5,4,1,2,,43.316151
bsh,1005090,1,3,2,67,3,43.316151
bsh,1005090,2,3,1,69,1,43.316151
bsh,1005090,3,4,2,42,3,43.316151
bsh,1005100,1,3,2,74,1,43.316151
bsh,1005100,2,3,1,47,4,43.316151
bsh,1005100,3,4,1,46,1,43.316151
bsh,1005150,1,3,2,62,4,73.480522
bsh,1005150,2,4,1,30,4,73.480522
bsh,1005160,1,3,2,52,3,45.478828
bsh,1005160,2,4,2,30,2,45.478828
bsh,1005160,3,4,2,33,3,45.478828
bsh,1005160,4,6,2,12,,45.478828
bsh,1005160,5,6,1,8,,45.478828
bsh,1005160,6,6,2,6,,45.478828
bsh,1005160,7,4,1,26,4,45.478828
bsh,1005240,1,3,2,49,2,45.478828
bsh,1005240,2,3,1,43,3,45.478828
bsh,1005240,3,4,1,11,,45.478828
bsh,1005240,4,4,2,9,,45.478828
bsh,1005240,5,4,2,7,,45.478828
bsh,1005240,6,4,1,5,,45.478828
bsh,1005390,1,3,1,53,1,48.70998
bsh,1005390,2,3,2,57,1,48.70998
bsh,1005390,3,4,1,29,4,48.70998
bsh,1005390,4,4,1,15,,48.70998
bsh,1005410,1,2,1,70,2,33.655167
bsh,1005410,2,2,2,68,2,33.655167
bsh,1005420,1,3,2,51,5,48.70998
bsh,1005420,2,3,1,47,5,48.70998
bsh,1005420,3,4,1,17,,48.70998
bsh,1005420,4,4,1,14,,48.70998
bsh,1005450,1,3,2,27,4,33.655167
bsh,1005450,2,4,2,3,,33.655167
bsh,1005480,1,3,1,60,4,48.70998
bsh,1005480,2,3,2,60,4,48.70998
bsh,1005480,3,4,2,25,3,48.70998
bsh,1005490,1,3,1,51,6,48.70998
bsh,1005490,2,3,2,47,1,48.70998
bsh,1005490,3,4,1,24,3,48.70998
bsh,1005490,4,4,1,16,,48.70998
bsh,1005510,1,3,1,67,5,48.70998
bsh,1005510,2,3,2,65,5,48.70998
bsh,1005510,3,4,1,26,2,48.70998
bsh,1005530,1,3,2,41,1,47.359657
bsh,1005530,2,4,1,16,,47.359657
bsh,1005530,3,4,1,14,,47.359657
bsh,1005530,4,4,1,12,,47.359657
bsh,1005530,5,4,1,9,,47.359657
bsh,1005610,1,3,1,32,1,48.70998
bsh,1005610,2,3,2,33,1,48.70998
bsh,1005610,3,4,2,12,,48.70998
bsh,1005660,1,3,1,62,4,31.371222
bsh,1005660,2,6,2,28,3,31.371222
bsh,1005660,3,4,1,30,4,31.371222
bsh,1005660,4,3,2,59,4,31.371222
bsh,1005660,5,4,2,22,3,31.371222
bsh,1005660,6,6,1,1,,31.371222
bsh,1005690,1,6,2,54,5,31.371222
bsh,1005690,2,6,2,24,3,31.371222
bsh,1005690,3,9,2,24,3,31.371222
bsh,1005690,4,6,1,26,3,31.371222
bsh,1005690,5,6,1,3,,31.371222
bsh,1005700,1,1,2,58,4,26.304001
bsh,1005710,1,2,1,27,3,21.659048
bsh,1005710,2,2,2,29,5,21.659048
bsh,1005740,1,3,1,30,3,31.371222
bsh,1005740,2,3,2,27,3,31.371222
bsh,1005740,3,4,1,3,,31.371222
bsh,1005740,4,4,2,1,,31.371222
bsh,1005770,1,1,1,45,4,26.304001
bsh,1005790,1,1,2,86,4,26.304001
bsh,1005800,1,1,2,80,3,26.304001
bsh,1005820,1,1,2,64,4,26.304001
bsh,1005830,1,1,2,75,2,26.304001
bsh,1005930,1,9,1,28,5,41.384823
bsh,1005930,2,9,1,27,5,41.384823
bsh,1005930,3,9,2,24,3,41.384823
bsh,1005940,1,1,2,17,,47.860001
bsh,1005944,1,1,2,27,3,47.860001
bsh,1006150,1,2,1,64,3,73.760704
bsh,1006150,2,2,2,64,3,73.760704
bsh,1006160,1,3,1,72,5,41.384823
bsh,1006160,2,3,2,68,5,41.384823
bsh,1006160,3,4,2,49,3,41.384823
bsh,1006160,4,6,1,22,3,41.384823
bsh,1006170,1,3,1,61,5,41.384823
bsh,1006170,2,3,2,58,6,41.384823
bsh,1006170,3,4,1,26,4,41.384823
bsh,1006170,4,4,1,26,3,41.384823
bsh,1006200,1,1,2,80,1,48.650002
bsh,1006210,1,1,2,77,1,48.650002
bsh,1006230,1,2,1,34,6,31.027939
bsh,1006230,2,2,2,34,5,31.027939
bsh,1006270,1,1,2,43,4,48.650002
bsh,1006320,1,1,1,26,3,48.650002
bsh,1006340,1,1,1,20,3,36.509998
bsh,1006360,1,1,1,28,5,21.900682
bsh,1006390,1,9,2,25,3,31.027939
bsh,1006390,2,9,1,25,3,31.027939
bsh,1006400,1,9,2,25,3,31.027939
bsh,1006400,2,9,1,27,3,31.027939
bsh,1006430,1,3,1,33,5,67.446861
bsh,1006430,2,3,2,33,5,67.446861
bsh,1006430,3,4,1,3,,67.446861
bsh,1006430,4,4,1,1,,67.446861
bsh,1006470,1,1,2,29,3,48.650002
bsh,1006510,1,3,1,29,5,67.446861
bsh,1006510,2,3,2,25,5,67.446861
bsh,1006510,3,4,2,2,,67.446861
bsh,1006520,1,9,1,26,3,29.123976
bsh,1006520,2,9,2,25,3,29.123976
bsh,1006530,1,9,1,24,3,31.027939
bsh,1006530,2,9,1,23,3,31.027939
bsh,1006580,1,1,2,75,1,48.650002
bsh,1006650,1,1,2,26,3,36.509998
bsh,1006670,1,9,2,24,3,12.779849
bsh,1006670,2,9,2,26,5,12.779849
bsh,1006690,1,3,1,42,3,40.142345
bsh,1006690,2,3,2,33,3,40.142345
bsh,1006690,3,4,2,10,,40.142345
bsh,1006690,4,4,1,8,,40.142345
bsh,1006690,5,4,1,1,,40.142345
bsh,1006690,6,5,2,66,1,40.142345
bsh,1006700,1,1,2,64,4,21.900682
bsh,1006710,1,3,1,30,1,40.142345
bsh,1006710,2,3,2,30,3,40.142345
bsh,1006710,3,4,1,7,,40.142345
bsh,1006710,4,4,2,5,,40.142345
bsh,1006710,5,4,2,3,,40.142345
bsh,1006710,6,4,2,2,,40.142345
bsh,1006740,1,3,1,34,5,40.142345
bsh,1006740,2,3,2,28,5,40.142345
bsh,1006740,3,4,2,6,,40.142345
bsh,1006740,4,4,2,2,,40.142345
bsh,1006790,1,7,2,27,3,12.779849
bsh,1006790,2,7,1,29,5,12.779849
bsh,1006800,1,2,1,24,3,12.779849
bsh,1006800,2,2,2,23,3,12.779849
bsh,1006960,1,9,2,23,3,36.469151
bsh,1006960,2,9,1,23,3,36.469151
bsh,1006960,3,9,1,24,3,36.469151
bsh,1006970,1,3,1,28,4,36.469151
bsh,1006970,2,6,2,28,4,36.469151
bsh,1006970,3,4,2,9,,36.469151
bsh,1006970,4,4,2,8,,36.469151
bsh,1006970,5,4,2,6,,36.469151
bsh,1006970,6,4,1,4,,36.469151
bsh,1007010,1,1,1,45,1,36.509998
bsh,1007020,1,2,1,82,3,36.576382
bsh,1007020,2,2,2,77,3,36.576382
bsh,1007040,1,3,2,68,1,36.576382
bsh,1007040,2,4,1,28,3,36.576382
bsh,1007110,1,1,1,26,3,36.509998
bsh,1007210,1,1,1,27,3,36.509998
bsh,1007280,1,3,1,36,1,20.208656
bsh,1007280,2,4,1,17,,20.208656
bsh,1007280,3,4,1,16,,20.208656
bsh,1007280,4,4,1,16,,20.208656
bsh,1007280,5,4,2,16,,20.208656
bsh,1007280,6,4,1,16,,20.208656
bsh,1007280,7,4,2,15,,20.208656
bsh,1007280,8,4,1,15,,20.208656
bsh,1007280,9,4,1,15,,20.208656
bsh,1007350,1,4,2,49,1,22.451506
bsh,1007350,2,3,1,69,1,22.451506
bsh,1007380,1,3,2,53,4,21.968479
bsh,1007380,2,3,1,55,4,21.968479
bsh,1007380,3,4,1,16,,21.968479
bsh,1007380,4,4,2,22,3,21.968479
bsh,1007620,1,3,2,64,4,34.976913
bsh,1007620,2,4,1,26,3,34.976913
bsh,1007620,3,4,2,28,3,34.976913
bsh,1007620,4,4,2,30,3,34.976913
bsh,1007620,5,4,2,34,3,34.976913
bsh,1007620,6,6,1,20,4,34.976913
bsh,1007640,1,3,1,46,3,34.976913
bsh,1007640,2,3,2,45,4,34.976913
bsh,1007640,3,4,2,22,3,34.976913
bsh,1007640,4,4,1,13,,34.976913
bsh,1007660,1,3,2,39,4,34.976913
bsh,1007660,2,4,2,14,,34.976913
bsh,1007660,3,4,1,11,,34.976913
bsh,1007660,4,4,1,11,,34.976913
bsh,1007710,1,3,1,41,5,34.976913
bsh,1007710,2,3,2,39,5,34.976913
bsh,1007710,3,4,2,19,3,34.976913
bsh,1007750,1,1,1,75,6,34.709999
bsh,1007780,1,3,1,40,2,34.976913
bsh,1007780,2,3,2,35,2,34.976913
bsh,1007780,3,4,2,4,,34.976913
bsh,1007780,4,4,2,2,,34.976913
bsh,1007800,1,2,1,30,5,33.855881
bsh,1007800,2,2,2,25,3,33.855881
bsh,1007880,1,2,1,62,2,44.678734
bsh,1007880,2,2,2,57,5,44.678734
bsh,1007930,1,3,2,51,4,47.359657
bsh,1007930,2,4,1,22,4,47.359657
bsh,1007930,3,4,1,13,,47.359657
bsh,1007961,1,3,1,55,1,47.359657
bsh,1007961,2,3,2,38,3,47.359657
bsh,1007961,3,4,2,14,,47.359657
bsh,1007961,4,4,1,12,,47.359657
bsh,1007961,5,4,1,4,,47.359657
bsh,1007971,1,3,1,33,3,47.359657
bsh,1007971,2,3,2,31,5,47.359657
bsh,1007971,3,4,1,6,,47.359657
bsh,1007971,4,4,2,1,,47.359657
bsh,1008001,1,3,1,62,1,47.359657
bsh,1008001,2,3,2,56,3,47.359657
bsh,1008001,3,4,1,25,3,47.359657
bsh,1008001,4,4,1,22,3,47.359657
bsh,1008021,1,2,1,70,5,44.678734
bsh,1008021,2,2,2,67,5,44.678734
bsh,1008110,1,3,1,54,1,47.359657
bsh,1008110,2,3,2,51,2,47.359657
bsh,1008110,3,4,2,26,3,47.359657
bsh,1008110,4,4,1,25,2,47.359657
bsh,1008110,5,4,1,22,4,47.359657
bsh,1008120,1,3,2,45,5,47.359657
bsh,1008120,2,3,1,57,3,47.359657
bsh,1008120,3,4,1,15,,47.359657
bsh,1008190,1,2,1,91,2,33.76796
bsh,1008190,2,2,2,84,2,33.76796
bsh,1008210,1,1,2,82,3,44.389999
bsh,1008220,1,1,1,73,6,50.810001
bsh,1008230,1,1,2,82,5,44.389999
bsh,1008250,1,1,1,62,6,50.810001
bsh,1008320,1,3,2,54,4,49.488579
bsh,1008320,2,3,1,33,2,49.488579
bsh,1008320,3,4,1,32,3,49.488579
bsh,1008340,1,2,1,74,2,33.76796
bsh,1008340,2,2,2,65,3,33.76796
bsh,1008400,1,1,2,65,2,44.389999
bsh,1008430,1,1,2,78,1,44.389999
bsh,1008490,1,3,1,42,4,49.488579
bsh,1008490,2,3,2,39,5,49.488579
bsh,1008490,3,4,1,18,1,49.488579
bsh,1008490,4,4,2,13,,49.488579
bsh,1008490,5,4,1,7,,49.488579
bsh,1008510,1,3,1,55,3,49.488579
bsh,1008510,2,3,2,47,5,49.488579
bsh,1008510,3,4,2,26,3,49.488579
bsh,1008510,4,4,1,23,3,49.488579
bsh,1008520,1,3,1,45,4,49.488579
bsh,1008520,2,3,2,46,4,49.488579
bsh,1008520,3,4,1,22,3,49.488579
bsh,1008530,1,2,1,50,5,33.76796
bsh,1008530,2,2,2,43,5,33.76796
bsh,1008540,1,2,1,32,3,33.76796
bsh,1008540,2,2,2,28,3,33.76796
bsh,1008561,1,3,1,29,4,49.488579
bsh,1008561,2,3,2,27,3,49.488579
bsh,1008561,3,4,2,4,,49.488579
bsh,1008561,4,4,1,2,,49.488579
bsh,1008700,1,3,1,55,6,62.070091
bsh,1008700,2,3,2,47,5,62.070091
bsh,1008700,3,4,1,17,,62.070091
bsh,1008700,4,4,1,8,,62.070091
bsh,1008700,5,5,2,85,1,62.070091
bsh,1008760,1,3,2,41,6,24.195238
bsh,1008760,2,4,2,19,3,24.195238
bsh,1008780,1,4,2,54,3,31.027939
bsh,1008780,2,3,2,88,1,31.027939
bsh,1008800,1,3,1,50,1,62.070091
bsh,1008800,2,3,2,48,1,62.070091
bsh,1008800,3,4,1,25,3,62.070091
bsh,1008800,4,4,1,19,3,62.070091
bsh,1008800,5,4,1,14,,62.070091
bsh,1008800,6,4,1,8,,62.070091
bsh,1008810,1,3,1,24,5,62.070091
bsh,1008810,2,3,2,24,3,62.070091
bsh,1008810,3,4,1,1,,62.070091
bsh,1008830,1,3,1,28,4,67.446861
bsh,1008830,2,3,2,26,3,67.446861
bsh,1008830,3,3,1,4,,67.446861
bsh,1008830,4,4,1,3,,67.446861
bsh,1008830,5,4,1,3,,67.446861
bsh,1008830,6,4,2,2,,67.446861
bsh,1008830,7,4,1,1,,67.446861
bsh,1008830,8,4,1,1,,67.446861
bsh,1008850,1,9,1,21,5,62.070091
bsh,1008850,2,9,1,33,5,62.070091
bsh,1008850,3,9,1,44,5,62.070091
bsh,1008860,1,2,1,52,5,24.195238
bsh,1008860,2,2,2,55,5,24.195238
bsh,1008900,1,3,2,39,4,21.968479
bsh,1008900,2,3,1,40,4,21.968479
bsh,1008900,3,4,1,18,,21.968479
bsh,1008900,4,4,2,14,,21.968479
bsh,1008910,1,3,1,53,3,62.070091
bsh,1008910,2,4,2,16,,62.070091
bsh,1008910,3,4,2,13,,62.070091
bsh,1008910,4,4,1,5,,62.070091
bsh,1008991,1,4,1,31,4,24.195238
bsh,1008991,2,3,2,55,5,24.195238
bsh,1009040,1,1,1,36,5,20.8125
bsh,1009050,1,3,1,36,4,20.208656
bsh,1009050,2,3,2,28,4,20.208656
bsh,1009050,3,4,1,9,,20.208656
bsh,1009050,4,4,2,9,,20.208656
bsh,1009050,5,4,2,4,,20.208656
bsh,1009090,1,4,1,43,4,13.717386
bsh,1009090,2,3,2,69,3,13.717386
bsh,1009130,1,2,1,69,1,13.717386
bsh,1009130,2,2,2,61,1,13.717386
bsh,1009180,1,3,1,53,3,23.747185
bsh,1009180,2,3,2,51,3,23.747185
bsh,1009180,3,4,2,24,3,23.747185
bsh,1009190,1,3,1,54,5,23.747185
bsh,1009190,2,3,2,45,5,23.747185
bsh,1009190,3,4,1,25,3,23.747185
bsh,1009190,4,4,2,20,3,23.747185
bsh,1009200,1,1,2,71,4,20.836666
bsh,1009210,1,3,1,51,6,23.747185
bsh,1009210,2,3,2,53,5,23.747185
bsh,1009210,3,4,1,16,2,23.747185
bsh,1009230,1,3,2,53,3,23.747185
bsh,1009230,2,4,1,22,3,23.747185
bsh,1009230,3,4,1,17,,23.747185
bsh,1009230,4,4,1,15,,23.747185
bsh,1009230,5,4,2,13,,23.747185
bsh,1009270,1,3,2,48,3,14.288
bsh,1009270,2,4,2,17,,14.288
bsh,1009290,1,3,1,36,3,23.747185
bsh,1009290,2,3,2,36,4,23.747185
bsh,1009290,3,4,1,4,,23.747185
bsh,1009290,4,4,2,2,,23.747185
bsh,1009320,1,3,1,47,4,23.747185
bsh,1009320,2,3,2,41,2,23.747185
bsh,1009320,3,4,2,15,,23.747185
bsh,1009320,4,4,2,8,,23.747185
bsh,1009320,5,4,1,4,,23.747185
bsh,1009370,1,3,1,39,6,58.547543
bsh,1009370,2,3,2,39,6,58.547543
bsh,1009370,3,4,1,14,,58.547543
bsh,1009370,4,4,2,10,,58.547543
bsh,1009370,5,4,2,1,,58.547543
bsh,1009370,6,5,1,67,6,58.547543
bsh,1009370,7,5,2,63,6,58.547543
bsh,1009410,1,3,1,29,2,58.547543
bsh,1009410,2,3,2,26,3,58.547543
bsh,1009410,3,4,2,5,,58.547543
bsh,1009410,4,4,1,2,,58.547543
bsh,1009420,1,2,1,74,7,34.228294
bsh,1009420,2,2,2,64,6,34.228294
bsh,1009450,1,2,1,62,6,34.228294
bsh,1009450,2,2,2,62,5,34.228294
bsh,1009470,1,2,1,44,7,34.228294
bsh,1009470,2,2,2,42,3,34.228294
bsh,1009520,1,1,1,90,6,20.836666
bsh,1009530,1,3,1,51,6,58.547543
bsh,1009530,2,3,2,47,3,58.547543
bsh,1009530,3,4,2,12,,58.547543
bsh,1009530,4,4,1,9,,58.547543
bsh,1009560,1,1,1,61,3,50.947777
bsh,1009600,1,3,1,28,4,58.547543
bsh,1009600,2,3,2,24,4,58.547543
bsh,1009600,3,4,1,5,,58.547543
bsh,1009600,4,4,1,3,,58.547543
bsh,1009600,5,4,2,2,,58.547543
bsh,1009630,1,3,1,32,4,58.547543
bsh,1009630,2,3,2,29,5,58.547543
bsh,1009630,3,4,2,1,,58.547543
bsh,1009640,1,3,1,67,5,58.547543
bsh,1009640,2,3,2,53,4,58.547543
bsh,1009640,3,9,1,45,4,58.547543
bsh,1009640,4,9,2,39,3,58.547543
bsh,1009640,5,9,2,17,,58.547543
bsh,1009640,6,9,2,5,,58.547543
bsh,1009640,7,6,2,20,3,58.547543
bsh,1009670,1,3,2,44,5,58.547543
bsh,1009670,2,4,2,20,3,58.547543
bsh,1009670,3,4,1,15,,58.547543
bsh,1009700,1,3,1,54,4,58.547543
bsh,1009700,2,3,2,49,4,58.547543
bsh,1009700,3,4,1,20,4,58.547543
bsh,1009710,1,3,1,50,2,58.547543
bsh,1009710,2,3,2,44,4,58.547543
bsh,1009710,3,4,2,13,,58.547543
bsh,1009730,1,1,1,60,3,50.947777
bsh,1009800,1,3,2,53,6,34.228294
bsh,1009800,2,4,2,27,5,34.228294
bsh,1009810,1,1,1,65,6,50.947777
bsh,1009820,1,3,1,58,6,58.547543
bsh,1009820,2,3,2,57,6,58.547543
bsh,1009820,3,4,1,21,3,58.547543
bsh,1009830,1,3,1,43,5,58.547543
bsh,1009830,2,3,2,40,6,58.547543
bsh,1009830,3,4,1,18,1,58.547543
bsh,1009830,4,4,2,14,,58.547543
bsh,1009830,5,4,1,10,,58.547543
bsh,1009860,1,3,1,44,2,58.547543
bsh,1009860,2,3,2,40,4,58.547543
bsh,1009860,3,4,1,17,,58.547543
bsh,1009860,4,4,2,10,,58.547543
bsh,1009870,1,3,1,54,4,62.070091
bsh,1009870,2,3,2,49,5,62.070091
bsh,1009870,3,4,2,10,,62.070091
bsh,1009870,4,4,1,14,,62.070091
bsh,1009890,1,3,1,44,4,12.616068
bsh,1009890,2,3,2,39,4,12.616068
bsh,1009890,3,4,2,14,,12.616068
bsh,1009890,4,4,1,10,,12.616068
bsh,1009900,1,2,1,72,1,4.039887
bsh,1009900,2,2,2,64,2,4.039887
bsh,1009910,1,3,1,44,5,12.616068
bsh,1009910,2,3,2,39,5,12.616068
bsh,1009910,3,4,1,8,,12.616068
bsh,1009910,4,5,2,75,5,12.616068
bsh,1009920,1,2,1,67,5,4.039887
bsh,1009920,2,2,2,66,5,4.039887
bsh,1009940,1,2,1,63,2,4.039887
bsh,1009940,2,2,2,53,1,4.039887
bsh,1009950,1,3,1,34,5,31.095959
bsh,1009950,2,3,2,34,3,31.095959
bsh,1009950,3,4,1,4,,31.095959
bsh,1009950,4,4,2,3,,31.095959
bsh,1009960,1,3,1,34,5,12.616068
bsh,1009960,2,3,2,33,5,12.616068
bsh,1009960,3,4,1,6,,12.616068
bsh,1009960,4,4,2,4,,12.616068
bsh,1009970,1,3,1,54,5,12.616068
bsh,1009970,2,3,2,50,5,12.616068
bsh,1009970,3,4,2,16,,12.616068
bsh,1009980,1,2,1,66,5,12.616068
bsh,1009980,2,2,2,62,5,12.616068
bsh,1009980,3,6,1,35,4,12.616068
bsh,1009990,1,3,1,50,4,12.616068
bsh,1009990,2,3,2,47,5,12.616068
bsh,1009990,3,4,2,23,3,12.616068
bsh,1009990,4,4,2,21,3,12.616068
bsh,1009990,5,4,1,14,,12.616068
bsh,1010000,1,2,1,60,3,27.44556
bsh,1010000,2,2,2,60,3,27.44556
bsh,1010010,1,3,1,47,4,12.616068
bsh,1010010,2,3,2,44,3,12.616068
bsh,1010010,3,4,2,21,3,12.616068
bsh,1010010,4,4,2,18,3,12.616068
bsh,1010010,5,4,1,16,,12.616068
bsh,1010010,6,4,1,12,,12.616068
bsh,1010210,1,3,2,52,5,49.087635
bsh,1010210,2,3,1,58,1,49.087635
bsh,1010210,3,4,2,26,3,49.087635
bsh,1010240,1,3,2,35,5,49.087635
bsh,1010240,2,3,1,39,7,49.087635
bsh,1010240,3,4,2,4,,49.087635
bsh,1010240,4,4,1,2,,49.087635
bsh,1010250,1,6,1,25,3,49.087635
bsh,1010250,2,9,2,26,4,49.087635
bsh,1010250,3,6,1,26,3,49.087635
bsh,1010260,1,3,2,34,6,49.087635
bsh,1010260,2,3,1,36,6,49.087635
bsh,1010260,3,4,1,9,,49.087635
bsh,1010260,4,4,2,5,,49.087635
bsh,1010260,5,4,2,2,,49.087635
bsh,1010270,1,2,2,27,5,25.836491
bsh,1010270,2,2,1,35,5,25.836491
bsh,1010280,1,3,1,53,2,49.087635
bsh,1010280,2,3,2,53,4,49.087635
bsh,1010280,3,4,2,24,3,49.087635
bsh,1010280,4,4,1,17,,49.087635
