survey3,HHID3,IndID3,mainActivity,mainmode,numAccomp,parkType,wf3,TrvlTime,TrvlDist,StayTime
bsh,1000060,1,1,0,1,9,18.857559,,,528.75
bsh,1000060,1,5,1,1,9,18.857559,8.83333,0.285412,26.4
bsh,1000060,1,5,1,1,9,18.857559,10,0.192655,62.0167
bsh,1000060,1,1,1,1,9,18.857559,9.03333,0.363027,184.967
bsh,1000060,1,3,10,1,9,18.857559,7,1.39522,63
bsh,1000060,1,5,10,1,9,18.857559,8.98333,0.290583,101.017
bsh,1000060,1,1,10,1,9,18.857559,10,1.23994,0.983333
bsh,1000060,1,7,1,1,9,18.857559,4.01667,0.171555,103.817
bsh,1000060,1,1,1,1,9,18.857559,4.58333,0.171555,306.567
bsh,1000060,2,1,0,1,9,18.857559,,,1439.97
bsh,1000150,1,1,0,1,9,41.270985,,,180
bsh,1000150,1,6,10,1,9,41.270985,11.25,1.62019,43.9167
bsh,1000150,1,1,10,1,9,41.270985,6.03333,1.62019,19.2667
bsh,1000150,1,8,10,1,9,41.270985,2.26667,0.563549,61.1167
bsh,1000150,1,1,10,1,9,41.270985,1.96667,0.563549,36.9833
bsh,1000150,1,5,10,1,9,41.270985,4.75,0.632593,37.95
bsh,1000150,1,1,10,1,9,41.270985,2.96667,0.632593,385.083
bsh,1000150,1,8,10,1,9,41.270985,19.7167,8.65019,47.4333
bsh,1000150,1,1,10,1,9,41.270985,17.7833,8.65019,561.483
bsh,1000150,2,1,0,1,9,41.270985,,,792.983
bsh,1000150,2,8,11,1,9,41.270985,20.2833,8.65019,46.7167
bsh,1000150,2,1,11,1,9,41.270985,18.5,8.65019,561.483
bsh,1000150,3,1,0,1,9,41.270985,,,1439.97
bsh,1000160,1,1,0,1,9,41.270985,,,213.983
bsh,1000160,1,6,1,1,9,41.270985,7.3,0.0512202,11.7167
bsh,1000160,1,2,1,1,9,41.270985,5,0.2263,88
bsh,1000160,1,1,1,1,9,41.270985,9,0.17651,1103.98
bsh,1000160,2,1,0,1,9,41.270985,,,211.833
bsh,1000160,2,2,3,1,9,41.270985,33.8667,3.55298,534.283
bsh,1000160,2,1,3,1,9,41.270985,26.45,3.55298,632.55
bsh,1000160,3,1,0,1,9,41.270985,,,560
bsh,1000160,3,8,1,1,9,41.270985,10,0.392479,109.983
bsh,1000160,3,1,1,1,9,41.270985,10,0.389945,28.0167
bsh,1000160,3,2,1,1,9,41.270985,37.7667,1.31808,384.217
bsh,1000160,3,1,1,1,9,41.270985,28.0167,1.31808,270.983
bsh,1000160,4,1,0,1,9,41.270985,,,1438.98
bsh,1000160,5,1,0,1,9,41.270985,,,1438.98
bsh,1000160,6,1,0,1,9,41.270985,,,296
bsh,1000160,6,4,1,1,9,41.270985,35.6333,1.63323,525.75
bsh,1000160,6,1,1,1,9,41.270985,33.6167,1.63323,548.967
bsh,1000160,7,1,0,1,9,41.270985,,,239.983
bsh,1000160,7,4,9,2,9,41.270985,20.0167,2.47949,400
bsh,1000160,7,1,9,2,9,41.270985,19.9833,2.47949,759.983
bsh,1000160,8,1,0,1,9,41.270985,,,239.983
bsh,1000160,8,4,9,2,9,41.270985,20.0167,2.47949,400
bsh,1000160,8,1,9,2,9,41.270985,19.9833,2.47949,759.983
bsh,1000160,9,1,0,1,9,41.270985,,,239.983
bsh,1000160,9,4,9,2,9,41.270985,20.0167,2.47949,400
bsh,1000160,9,1,9,2,9,41.270985,19.9833,2.47949,759.983
bsh,1000180,1,1,0,1,9,28.185598,,,347
bsh,1000180,1,6,1,1,9,28.185598,18.2167,0.917404,14.3333
bsh,1000180,1,8,1,1,9,28.185598,6.95,0.45295,60.0167
bsh,1000180,1,5,1,1,9,28.185598,11.2833,0.447205,8.15
bsh,1000180,1,5,1,1,9,28.185598,17.6667,0.683194,24.65
bsh,1000180,1,8,1,1,9,28.185598,4.9,0.159589,20.4833
bsh,1000180,1,1,1,1,9,28.185598,17.7,1.03799,888.617
bsh,1000180,2,1,0,1,9,28.185598,,,1439.97
bsh,1000230,1,1,0,1,9,28.185598,,,202
bsh,1000230,1,2,10,1,9,28.185598,4.81667,0.862954,758.133
bsh,1000230,1,1,10,1,9,28.185598,11.7,0.862954,463.317
bsh,1000230,2,1,0,1,9,28.185598,,,319.983
bsh,1000230,2,8,1,1,9,28.185598,12.5833,0.385003,16.05
bsh,1000230,2,5,1,1,9,28.185598,9.06667,0.441596,19.05
bsh,1000230,2,5,1,1,9,28.185598,1.65,0.264656,28.0667
bsh,1000230,2,5,11,1,9,28.185598,12.4833,0.327376,32.3167
bsh,1000230,2,1,11,1,9,28.185598,5.4,0.614784,11.15
bsh,1000230,2,5,3,1,9,28.185598,15.5,1.83368,49.7167
bsh,1000230,2,1,3,1,9,28.185598,8.73333,1.83368,897.233
bsh,1000270,1,1,0,1,9,41.270985,,,300
bsh,1000270,1,12,1,4,9,41.270985,15,0.764935,7.58333
bsh,1000270,1,11,1,4,9,41.270985,3.41667,0.096642,0.616667
bsh,1000270,1,1,1,1,9,41.270985,10.9833,0.78329,54.6833
bsh,1000270,1,6,3,1,9,41.270985,52.4,2.2129,97.4667
bsh,1000270,1,6,3,1,9,41.270985,36.85,2.53287,5.81667
bsh,1000270,1,6,1,1,9,41.270985,6.83333,0.188535,7.08333
bsh,1000270,1,1,3,1,9,41.270985,27.4667,1.94201,298.783
bsh,1000270,1,11,1,1,9,41.270985,15.0167,0.417202,5
bsh,1000270,1,1,1,4,9,41.270985,14.9833,0.417202,479
bsh,1000270,2,1,0,1,9,41.270985,,,1438.98
bsh,1000270,3,1,0,1,9,41.270985,,,274.983
bsh,1000270,3,4,9,1,9,41.270985,45,3.25037,520.017
bsh,1000270,3,1,9,1,9,41.270985,50,3.25037,548.983
bsh,1000270,4,1,0,1,9,41.270985,,,270
bsh,1000270,4,4,9,1,9,41.270985,30,3.00611,405
bsh,1000270,4,1,9,1,9,41.270985,10,3.00611,724.967
bsh,1000270,5,1,0,1,9,41.270985,,,300
bsh,1000270,5,12,1,4,9,41.270985,15,0.764935,7.58333
bsh,1000270,5,4,1,4,9,41.270985,3.71667,0.096642,618.7
bsh,1000270,5,1,1,4,9,41.270985,14.9833,0.78329,479.983
bsh,1000270,6,1,0,1,9,41.270985,,,300
bsh,1000270,6,12,1,4,9,41.270985,15,0.764935,7.58333
bsh,1000270,6,4,1,4,9,41.270985,3.71667,0.254334,618.7
bsh,1000270,6,1,1,4,9,41.270985,14.9833,0.87681,479
bsh,1000270,7,1,0,1,9,41.270985,,,300
bsh,1000270,7,12,1,4,9,41.270985,15,0.764935,7.58333
bsh,1000270,7,4,1,4,9,41.270985,3.71667,0.00885532,618.7
bsh,1000270,7,1,1,4,9,41.270985,14.9833,0.756368,479
bsh,1000270,8,1,0,1,9,41.270985,,,300
bsh,1000270,8,12,1,4,9,41.270985,15,0.764935,7.58333
bsh,1000270,8,11,1,4,9,41.270985,3.71667,0.096642,0.316667
bsh,1000270,8,1,1,1,9,41.270985,10.9833,0.78329,54.6833
bsh,1000270,8,11,3,1,9,41.270985,52.4,2.2129,97.4667
bsh,1000270,8,11,3,1,9,41.270985,36.85,2.53287,5.81667
bsh,1000270,8,11,1,1,9,41.270985,6.83333,0.188535,7.08333
bsh,1000270,8,1,3,1,9,41.270985,27.4667,1.94201,298.783
bsh,1000270,8,11,1,1,9,41.270985,15.0167,0.417202,5
bsh,1000270,8,1,1,4,9,41.270985,14.9833,0.417202,479
bsh,1000320,1,1,0,1,9,52.447647,,,270
bsh,1000320,1,11,1,2,9,52.447647,3,0.269647,1.81667
bsh,1000320,1,2,11,1,9,52.447647,6.58333,0.455559,457.6
bsh,1000320,1,11,11,1,9,52.447647,7,0.455559,4
bsh,1000320,1,1,11,2,9,52.447647,3.76667,0.269647,686.2
bsh,1000320,2,1,0,1,9,52.447647,,,258.933
bsh,1000320,2,3,10,1,9,52.447647,22.6,13.087,483.467
bsh,1000320,2,1,10,1,9,52.447647,12.8333,13.087,3.35
bsh,1000320,2,7,10,1,9,52.447647,38.4667,0.507927,25.45
bsh,1000320,2,6,10,1,9,52.447647,1.88333,0.459775,6.6
bsh,1000320,2,1,10,1,9,52.447647,4.21667,0.795567,581.183
bsh,1000320,3,1,0,1,9,52.447647,,,270
bsh,1000320,3,4,1,1,9,52.447647,3,0.269647,477
bsh,1000320,3,1,1,1,9,52.447647,3,0.269647,686.967
bsh,1000330,1,1,0,1,9,28.185598,,,223.567
bsh,1000330,1,2,10,1,9,28.185598,105.383,67.9357,521.583
bsh,1000330,1,7,10,1,9,28.185598,14.25,3.18111,56.25
bsh,1000330,1,7,10,1,9,28.185598,24.3,6.4501,56.65
bsh,1000330,1,7,10,1,9,28.185598,21.5833,6.4501,416.4
bsh,1000330,2,1,0,1,9,28.185598,,,290
bsh,1000330,2,4,11,2,9,28.185598,64,35.445,301.833
bsh,1000330,2,5,11,2,9,28.185598,19.0333,9.37557,2.21667
bsh,1000330,2,1,11,1,9,28.185598,42.3833,27.8485,144.9
bsh,1000330,2,2,1,1,9,28.185598,19.3167,0.741572,343.3
bsh,1000330,2,1,9,2,9,28.185598,3.36667,0.741572,209.617
bsh,1000350,1,1,0,1,9,34.990002,,,1438.98
bsh,1000360,1,1,0,1,9,34.990002,,,1438.98
bsh,1000370,1,1,0,1,9,34.990002,,,1438.98
bsh,1000380,1,1,0,1,9,34.990002,,,1438.98
bsh,1000390,1,1,0,1,9,34.990002,,,1438.98
bsh,1000400,1,1,0,1,9,34.990002,,,575.067
bsh,1000400,1,6,1,1,9,34.990002,18.9167,0.69167,11.7833
bsh,1000400,1,6,1,1,9,34.990002,1.23333,0.0425728,8.53333
bsh,1000400,1,5,1,1,9,34.990002,21.55,1.2159,2.16667
bsh,1000400,1,5,1,1,9,34.990002,3.05,0.0399217,4.93333
bsh,1000400,1,5,1,1,9,34.990002,14.15,0.547633,11.2167
bsh,1000400,1,1,1,1,9,34.990002,18.4,1.20118,84.5
bsh,1000400,1,7,3,1,9,34.990002,14.6167,1.57001,0.25
bsh,1000400,1,9,1,1,9,34.990002,9.51667,0.574123,59.1167
bsh,1000400,1,1,8,1,9,34.990002,10.9833,2.1437,569.983
bsh,1000420,1,1,0,1,9,34.990002,,,810
bsh,1000420,1,9,1,1,9,34.990002,1.98333,0.355336,58
bsh,1000420,1,1,1,1,9,34.990002,6,0.355336,563
bsh,1000440,1,1,0,1,9,34.990002,,,1439.97
bsh,1000533,1,1,0,1,9,30.942287,,,209.933
bsh,1000533,1,7,10,2,9,30.942287,23.0667,3.09736,32
bsh,1000533,1,7,10,1,9,30.942287,9.85,2.75147,91.7333
bsh,1000533,1,7,10,1,9,30.942287,12.5667,2.75147,22.15
bsh,1000533,1,5,10,2,9,30.942287,4.3,0.951108,5.31667
bsh,1000533,1,7,10,1,9,30.942287,4.21667,0.951108,67.6833
bsh,1000533,1,11,10,1,9,30.942287,11.1667,2.75147,3.96667
bsh,1000533,1,7,10,1,9,30.942287,7.2,1.39276,33.4167
bsh,1000533,1,6,10,1,9,30.942287,6.13333,1.39276,4.81667
bsh,1000533,1,2,10,1,9,30.942287,2.45,0.478121,9.7
bsh,1000533,1,7,10,1,9,30.942287,1.55,0.478121,7.18333
bsh,1000533,1,7,10,1,9,30.942287,9.36667,2.75147,116.317
bsh,1000533,1,7,10,1,9,30.942287,9.21667,2.75147,60.4333
bsh,1000533,1,7,10,1,9,30.942287,9.88333,2.75147,72.4833
bsh,1000533,1,7,10,1,9,30.942287,13.8167,2.75147,70.0833
bsh,1000533,1,11,10,1,9,30.942287,10,0.478121,1
bsh,1000533,1,7,10,1,9,30.942287,16.9833,0.478121,479.983
bsh,1000533,2,1,0,1,9,30.942287,,,320.8
bsh,1000533,2,7,1,1,9,30.942287,11.7333,0.478121,362.683
bsh,1000533,2,7,1,1,9,30.942287,17.8,0.109092,214.967
bsh,1000533,2,1,11,1,9,30.942287,4.2,0.58718,407.417
bsh,1000533,2,7,1,1,9,30.942287,50.9333,0.201272,27.3333
bsh,1000533,2,1,1,1,9,30.942287,1.53333,0.201272,20.5667
bsh,1000650,1,1,0,1,9,9.068449,,,481.283
bsh,1000650,1,4,1,1,9,9.068449,14.7167,0.999954,15.95
bsh,1000650,1,6,1,1,9,9.068449,3.71667,0.210137,266.967
bsh,1000650,1,1,1,1,9,9.068449,15.9,0.962373,640.45
bsh,1000650,2,1,0,1,9,9.068449,,,820
bsh,1000650,2,4,2,1,9,9.068449,20,1.9662,299.983
bsh,1000650,2,10,2,1,9,9.068449,15.0167,4.26456,60
bsh,1000650,2,5,2,1,9,9.068449,10,4.48997,4.98333
bsh,1000650,2,1,2,1,9,9.068449,5.01667,1.14888,204.967
bsh,1000670,1,1,0,1,9,9.068449,,,300
bsh,1000670,1,4,2,1,9,9.068449,15,1.94447,675
bsh,1000670,1,1,2,1,9,9.068449,14.9833,1.94447,434
bsh,1000670,2,1,0,1,9,9.068449,,,1439.97
bsh,1000680,1,1,0,1,9,52.447647,,,1439.97
bsh,1000680,2,1,0,1,9,52.447647,,,1439.97
bsh,1000680,3,1,0,1,9,52.447647,,,930
bsh,1000680,3,2,3,1,9,52.447647,29.9833,1.7692,479.983
bsh,1000720,1,1,0,1,9,52.447647,,,656
bsh,1000720,1,4,2,1,9,52.447647,9,0.348072,117.983
bsh,1000720,1,1,2,1,9,52.447647,20.0167,0.348072,635.983
bsh,1000720,2,1,0,1,9,52.447647,,,390.033
bsh,1000720,2,4,1,1,9,52.447647,17.4833,1.38044,87.4833
bsh,1000720,2,8,1,1,9,52.447647,6.1,0.0370264,55.1333
bsh,1000720,2,9,1,1,9,52.447647,8.73333,0.431243,74.8
bsh,1000720,2,4,1,1,9,52.447647,10.2333,0.394618,99.55
bsh,1000720,2,1,1,1,9,52.447647,22.95,1.38044,68.1667
bsh,1000720,2,7,11,1,9,52.447647,61.95,49.6935,537.35
bsh,1000720,3,1,0,1,9,52.447647,,,689.667
bsh,1000720,3,4,2,1,9,52.447647,5.33333,0.348072,20.9833
bsh,1000720,3,1,2,1,9,52.447647,4.96667,0.348072,719.017
bsh,1000820,1,1,0,1,9,53.883751,,,180
bsh,1000820,1,2,3,1,9,53.883751,59.9833,3.20002,420.017
bsh,1000820,1,5,3,1,9,53.883751,104.283,3.04607,4.03333
bsh,1000820,1,3,1,1,9,53.883751,10.6833,0.651985,375.95
bsh,1000820,1,5,1,1,9,53.883751,3.3,0.188497,7.28333
bsh,1000820,1,1,3,1,9,53.883751,15.0167,1.58524,259.417
bsh,1000820,2,1,0,1,9,53.883751,,,265
bsh,1000820,2,2,9,1,9,53.883751,45,2.1152,47.6833
bsh,1000820,2,3,3,1,9,53.883751,87.75,57.1883,45.7167
bsh,1000820,2,3,9,1,9,53.883751,13.8167,3.20709,88.8667
bsh,1000820,2,3,9,1,9,53.883751,45.95,16.5783,300.217
bsh,1000820,2,1,9,1,9,53.883751,118.717,68.7656,381.25
bsh,1000820,3,1,0,1,9,53.883751,,,294.983
bsh,1000820,3,2,10,1,9,53.883751,5.01667,1.52098,109.983
bsh,1000820,3,1,10,1,9,53.883751,5.01667,1.52098,4.98333
bsh,1000820,3,2,10,1,9,53.883751,20.0167,1.52098,30
bsh,1000820,3,2,10,1,9,53.883751,2.76667,0,398.6
bsh,1000820,3,11,10,1,9,53.883751,14.3,1.48294,8.75
bsh,1000820,3,5,10,1,9,53.883751,13.6667,1.87529,3.71667
bsh,1000820,3,11,10,1,9,53.883751,138.183,1.05728,4.01667
bsh,1000820,3,1,10,1,9,53.883751,4,0.813112,381.967
bsh,1000820,4,1,0,1,9,53.883751,,,270
bsh,1000820,4,4,9,1,9,53.883751,24.9833,3.11455,335.017
bsh,1000820,4,1,9,1,9,53.883751,20,3.11455,788.983
bsh,1000830,1,1,0,1,9,53.883751,,,659.95
bsh,1000830,1,10,10,1,9,53.883751,8.03333,1.47266,66.55
bsh,1000830,1,5,10,1,9,53.883751,8.06667,3.16027,2.25
bsh,1000830,1,1,10,1,9,53.883751,6.63333,1.69631,109.183
bsh,1000830,1,9,10,1,9,53.883751,72.9667,88.7388,28.4833
bsh,1000830,1,9,10,1,9,53.883751,14.6667,0.790589,93.0167
bsh,1000830,1,9,10,1,9,53.883751,9.9,0.999201,210.3
bsh,1000830,1,9,11,1,9,53.883751,6.98333,0.676522,142
bsh,1000830,2,1,0,1,9,53.883751,,,255
bsh,1000830,2,4,1,1,9,53.883751,10,0.26416,365
bsh,1000830,2,1,1,1,9,53.883751,10,0.26416,200
bsh,1000830,2,1,11,3,9,53.883751,5,0.73156,593.983
bsh,1000830,3,1,0,1,9,53.883751,,,305
bsh,1000830,3,4,11,2,9,53.883751,5,0.748667,344.983
bsh,1000830,3,1,1,1,9,53.883751,10.0167,0.26416,175
bsh,1000830,3,1,11,3,9,53.883751,5,0.73156,593.983
bsh,1000830,4,1,0,1,9,53.883751,,,305
bsh,1000830,4,4,11,2,9,53.883751,5,0.748667,500
bsh,1000830,4,1,1,1,9,53.883751,10,0.26416,20
bsh,1000830,4,1,11,3,9,53.883751,5,0.73156,593.983
bsh,1000870,1,1,0,1,9,53.883751,,,741.067
bsh,1000870,1,11,10,1,9,53.883751,14.35,4.62236,32.3667
bsh,1000870,1,1,10,1,9,53.883751,16.25,4.62236,635.933
bsh,1000870,2,1,0,1,9,53.883751,,,210
bsh,1000870,2,2,11,1,9,53.883751,10,4.62236,567.783
bsh,1000870,2,1,11,1,9,53.883751,15.0167,4.62236,637.167
bsh,1000870,3,1,0,1,9,53.883751,,,419.983
bsh,1000870,3,4,3,1,9,53.883751,20.0167,2.71022,339.983
bsh,1000870,3,1,3,1,9,53.883751,20.0167,2.71022,638.983
bsh,1000870,4,1,0,1,9,53.883751,,,270
bsh,1000870,4,2,1,1,9,53.883751,4.98333,0.315377,475.017
bsh,1000870,4,1,1,1,9,53.883751,5,0.315377,265
bsh,1000870,4,9,1,1,9,53.883751,29.9833,2.34584,389
bsh,1000870,5,1,0,1,9,53.883751,,,840
bsh,1000870,5,2,11,1,9,53.883751,10,2.90088,410
bsh,1000870,5,1,11,1,9,53.883751,10,2.90088,168.983
bsh,1000940,1,1,0,1,9,9.068449,,,294.983
bsh,1000940,1,2,2,1,9,9.068449,4.03333,0.320345,600.983
bsh,1000940,1,1,2,1,9,9.068449,4.98333,0.320345,534
bsh,1000940,2,1,0,1,9,9.068449,,,257.417
bsh,1000940,2,2,9,1,9,9.068449,42.05,37.4412,560.567
bsh,1000940,2,1,9,1,9,9.068449,37.9667,37.4412,541.967
bsh,1000950,1,1,0,1,9,9.068449,,,425
bsh,1000950,1,4,1,1,9,9.068449,6,0.76095,239.067
bsh,1000950,1,5,10,1,9,9.068449,15.35,1.30026,7.96667
bsh,1000950,1,1,10,1,9,9.068449,8.61667,1.86303,737.967
bsh,1000950,2,1,0,1,9,9.068449,,,421
bsh,1000950,2,4,1,1,9,9.068449,8.88333,0.76095,644.383
bsh,1000950,2,5,11,1,9,9.068449,9.06667,3.35164,36.6667
bsh,1000950,2,1,11,1,9,9.068449,15,2.59211,304.967
bsh,1000970,1,1,0,1,9,9.068449,,,178.85
bsh,1000970,1,2,9,1,9,9.068449,51.8833,42.6409,553.917
bsh,1000970,1,1,9,1,9,9.068449,62.1167,42.6409,593.2
bsh,1000970,2,1,0,1,9,9.068449,,,262.833
bsh,1000970,2,2,9,1,9,9.068449,52.5333,44.6228,428.933
bsh,1000970,2,1,9,1,9,9.068449,57.6833,44.6228,637.983
bsh,1001030,1,1,0,1,9,9.068449,,,331.017
bsh,1001030,1,6,10,1,9,9.068449,3.98333,0.948831,6.01667
bsh,1001030,1,12,10,1,9,9.068449,3.83333,0.958508,0.416667
bsh,1001030,1,8,10,1,9,9.068449,2.01667,0.152512,27.9167
bsh,1001030,1,6,10,1,9,9.068449,21.9167,2.35291,32.8667
bsh,1001030,1,10,8,1,9,9.068449,19.9333,3.89431,80.15
bsh,1001030,1,6,1,1,9,9.068449,8.85,0.531849,103.15
bsh,1001030,1,1,8,1,9,9.068449,12.2667,2.9082,185.667
bsh,1001030,1,12,1,1,9,9.068449,10,1.09978,170
bsh,1001030,1,1,1,1,9,9.068449,10,1.09978,408.983
bsh,1001030,2,1,0,1,9,9.068449,,,290.033
bsh,1001030,2,2,7,1,9,9.068449,90.2833,90.1597,522.033
bsh,1001030,2,1,7,1,9,9.068449,92.3167,90.1597,445.3
bsh,1001040,1,1,0,1,9,24.4,,,607.833
bsh,1001040,1,4,1,1,9,24.4,6.53333,0.478704,329.617
bsh,1001040,1,1,1,1,9,24.4,7.83333,0.478704,115.183
bsh,1001040,1,9,1,1,9,24.4,23.4833,1.39505,95.7833
bsh,1001040,1,1,1,1,9,24.4,29.55,1.39505,224.15
bsh,1001140,1,1,0,1,9,23.457285,,,413
bsh,1001140,1,6,11,1,9,23.457285,17.9667,3.80215,65.0333
bsh,1001140,1,1,11,1,9,23.457285,20.1167,3.80215,923.85
bsh,1001140,2,1,0,1,9,23.457285,,,413.8
bsh,1001140,2,6,10,1,9,23.457285,17.1667,3.80215,65.0333
bsh,1001140,2,1,10,1,9,23.457285,20.1167,3.80215,923.85
bsh,1001150,1,1,0,1,9,25.348415,,,624
bsh,1001150,1,5,1,1,9,25.348415,6,0.439735,24.9833
bsh,1001150,1,1,1,1,9,25.348415,8.65,0.439735,53.55
bsh,1001150,1,6,1,1,9,25.348415,8.25,0.466563,2.2
bsh,1001150,1,1,1,1,9,25.348415,6.71667,0.466563,163.7
bsh,1001150,1,9,10,1,9,25.348415,3.78333,0.475764,19.3333
bsh,1001150,1,1,10,1,9,25.348415,2.2,0.475764,168.933
bsh,1001150,1,8,10,1,9,25.348415,8,2.1993,139.233
bsh,1001150,1,1,10,1,9,25.348415,6.13333,2.1993,194.3
bsh,1001150,2,1,0,1,9,25.348415,,,415.95
bsh,1001150,2,6,3,1,9,25.348415,40.5667,3.43134,124.283
bsh,1001150,2,1,3,1,9,25.348415,46.4167,3.43134,812.75
bsh,1001150,3,1,0,1,9,25.348415,,,305.067
bsh,1001150,3,2,8,1,9,25.348415,15.05,4.0718,501.417
bsh,1001150,3,6,3,1,9,25.348415,29.7167,4.27193,56.4667
bsh,1001150,3,1,3,1,9,25.348415,68.3167,3.43134,463.933
bsh,1001150,4,1,0,1,9,25.348415,,,496.433
bsh,1001150,4,2,3,1,9,25.348415,3.55,2.58646,490.017
bsh,1001150,4,1,3,1,9,25.348415,30,2.58646,418.983
bsh,1001150,5,1,0,1,9,25.348415,,,245.317
bsh,1001150,5,4,11,1,9,25.348415,11.7833,1.13693,92.7333
bsh,1001150,5,9,9,1,9,25.348415,248.167,199.606,479
bsh,1001150,5,9,9,1,9,25.348415,17.9833,13.8314,344.983
bsh,1001160,1,1,0,1,9,25.348415,,,274.983
bsh,1001160,1,11,10,3,9,25.348415,1.01667,0.501631,20
bsh,1001160,1,2,10,1,9,25.348415,4,1.8494,401.233
bsh,1001160,1,1,10,1,9,25.348415,10.6167,2.31951,48.15
bsh,1001160,1,11,10,1,9,25.348415,0.983333,0.501631,6
bsh,1001160,1,1,10,2,9,25.348415,1.01667,0.501631,671.967
bsh,1001160,2,1,0,1,9,25.348415,,,910.933
bsh,1001160,2,6,10,3,9,25.348415,9.91667,3.46413,79.3833
bsh,1001160,2,6,10,3,9,25.348415,2.76667,0.446019,15.3833
bsh,1001160,2,1,10,3,9,25.348415,9.86667,3.83873,411.717
bsh,1001160,3,1,0,1,9,25.348415,,,274.983
bsh,1001160,3,4,11,3,9,25.348415,1.01667,0.501631,354
bsh,1001160,3,1,1,1,9,25.348415,7,0.501631,273
bsh,1001160,3,11,11,3,9,25.348415,10.85,3.46413,79.3833
bsh,1001160,3,11,11,3,9,25.348415,2.76667,0.446019,15.3833
bsh,1001160,3,1,11,3,9,25.348415,9.86667,3.83873,411.717
bsh,1001160,4,1,0,1,9,25.348415,,,274.983
bsh,1001160,4,4,11,3,9,25.348415,1.01667,0.501631,490.983
bsh,1001160,4,1,11,2,9,25.348415,1.01667,0.501631,142
bsh,1001160,4,11,11,3,9,25.348415,10.85,3.46413,79.3833
bsh,1001160,4,11,11,3,9,25.348415,2.76667,0.446019,15.3833
bsh,1001160,4,1,11,3,9,25.348415,9.86667,3.83873,411.717
bsh,1001160,5,1,0,1,9,25.348415,,,274.983
bsh,1001160,5,4,11,3,9,25.348415,1.01667,0.501631,490.983
bsh,1001160,5,1,11,2,9,25.348415,1.01667,0.501631,142
bsh,1001160,5,11,11,3,9,25.348415,10.85,3.46413,79.3833
bsh,1001160,5,11,11,3,9,25.348415,2.76667,0.446019,15.3833
bsh,1001160,5,1,11,3,9,25.348415,9.86667,3.83873,411.717
bsh,1001180,1,1,0,1,9,25.348415,,,492
bsh,1001180,1,8,1,1,9,25.348415,1.98333,0.178484,24.0167
bsh,1001180,1,1,1,1,9,25.348415,1.98333,0.178484,919
bsh,1001180,2,1,0,1,9,25.348415,,,1439.97
bsh,1001180,3,1,0,1,9,25.348415,,,347.467
bsh,1001180,3,3,10,1,9,25.348415,6.18333,2.27467,4.16667
bsh,1001180,3,3,10,1,9,25.348415,2.41667,1.80194,239.75
bsh,1001180,3,1,10,1,9,25.348415,10,3.58638,829.983
bsh,1001180,4,1,0,1,9,25.348415,,,1439.97
bsh,1001180,5,1,0,1,9,25.348415,,,1439.97
bsh,1001200,1,1,0,1,9,25.348415,,,272.017
bsh,1001200,1,11,10,4,9,25.348415,10.6667,2.69846,1.45
bsh,1001200,1,11,10,3,9,25.348415,3.05,0.484012,0.783333
bsh,1001200,1,6,10,1,9,25.348415,11.1833,2.20095,44.8
bsh,1001200,1,5,10,1,9,25.348415,3.46667,0.946126,18.0167
bsh,1001200,1,1,10,1,9,25.348415,6.66667,2.7219,133.083
bsh,1001200,1,6,10,1,9,25.348415,7.08333,2.7666,59.7
bsh,1001200,1,1,10,1,9,25.348415,5.56667,2.7666,179.733
bsh,1001200,1,11,10,1,9,25.348415,8.46667,2.72766,3.8
bsh,1001200,1,11,10,2,9,25.348415,4.66667,0.63025,18.3667
bsh,1001200,1,9,10,4,9,25.348415,8.06667,1.87369,65.3667
bsh,1001200,1,1,10,4,9,25.348415,10.0833,2.61821,563.883
bsh,1001200,2,1,0,1,9,25.348415,,,272.167
bsh,1001200,2,2,11,4,9,25.348415,12.5333,2.69846,484.833
bsh,1001200,2,11,11,2,9,25.348415,4.66667,0.610377,18.3333
bsh,1001200,2,9,11,4,9,25.348415,8.11667,1.87369,66.1833
bsh,1001200,2,1,11,4,9,25.348415,9.83333,2.61821,563.3
bsh,1001200,3,1,0,1,9,25.348415,,,271.983
bsh,1001200,3,11,11,4,9,25.348415,10.7,2.69846,1.45
bsh,1001200,3,4,11,3,9,25.348415,3.05,0.484012,332.817
bsh,1001200,3,7,1,1,9,25.348415,5,0.177012,167
bsh,1001200,3,9,11,4,9,25.348415,8.63333,1.87369,65.3667
bsh,1001200,3,1,11,4,9,25.348415,10.0833,2.61821,563.883
bsh,1001200,4,1,0,1,9,25.348415,,,271.983
bsh,1001200,4,11,11,4,9,25.348415,10.7,2.69846,1.45
bsh,1001200,4,4,11,3,9,25.348415,3.05,0.484012,442.817
bsh,1001200,4,7,1,1,9,25.348415,4.98333,0.177012,57.0167
bsh,1001200,4,9,11,4,9,25.348415,8.63333,1.87369,65.3667
bsh,1001200,4,1,11,4,9,25.348415,10.0833,2.61821,563.883
bsh,1001200,5,1,0,1,9,25.348415,,,271.983
bsh,1001200,5,11,11,4,9,25.348415,10.7,2.69846,1.45
bsh,1001200,5,11,11,3,9,25.348415,3.05,0.484012,0.783333
bsh,1001200,5,11,11,1,9,25.348415,11.1833,2.20095,44.8
bsh,1001200,5,11,11,1,9,25.348415,3.46667,0.946126,18.0167
bsh,1001200,5,1,11,1,9,25.348415,6.66667,2.7219,133.083
bsh,1001200,5,11,11,1,9,25.348415,7.08333,2.7666,59.7
bsh,1001200,5,1,11,1,9,25.348415,5.56667,2.7666,179.733
bsh,1001200,5,11,11,1,9,25.348415,8.46667,2.72766,3.8
bsh,1001200,5,11,11,2,9,25.348415,4.66667,0.63025,18.3667
bsh,1001200,5,9,11,4,9,25.348415,8.06667,1.87369,65.3667
bsh,1001200,5,1,11,4,9,25.348415,10.0833,2.61821,563.883
bsh,1001210,1,1,0,1,9,25.348415,,,254.1
bsh,1001210,1,11,10,1,9,25.348415,27.1667,18.5,4.23333
bsh,1001210,1,3,10,1,9,25.348415,5.06667,0.848329,270.417
bsh,1001210,1,11,10,0,9,25.348415,4,0.848329,1.01667
bsh,1001210,1,1,10,1,9,25.348415,29.0333,18.5,109.967
bsh,1001210,1,5,10,1,9,25.348415,9.81667,4.2489,65.1667
bsh,1001210,1,1,10,1,9,25.348415,15.0167,4.2489,60
bsh,1001210,1,11,10,1,9,25.348415,8,1.90588,2
bsh,1001210,1,1,10,1,9,25.348415,7,1.90588,81.9833
bsh,1001210,1,11,10,1,9,25.348415,9.45,1.90588,2.15
bsh,1001210,1,11,10,2,9,25.348415,0.4,0.336185,5.01667
bsh,1001210,1,1,10,1,9,25.348415,9,2.22614,133
bsh,1001210,1,7,10,1,9,25.348415,7,1.43997,64.9833
bsh,1001210,1,11,10,1,9,25.348415,7.01667,3.44344,1
bsh,1001210,1,1,10,1,9,25.348415,11.7,2.22614,235.267
bsh,1001210,2,1,0,1,9,25.348415,,,287
bsh,1001210,2,2,3,1,9,25.348415,19.4167,1.78842,444.733
bsh,1001210,2,1,3,1,9,25.348415,13.85,1.78842,189.583
bsh,1001210,2,11,11,1,9,25.348415,8.85,1.90588,2.15
bsh,1001210,2,9,11,2,9,25.348415,0.4,0.336185,227.25
bsh,1001210,2,1,11,1,9,25.348415,11.4667,2.22614,235.267
bsh,1001210,3,1,0,1,9,25.348415,,,255.317
bsh,1001210,3,4,11,1,9,25.348415,25.9333,18.5,283.733
bsh,1001210,3,1,11,1,9,25.348415,30.05,18.5,259.967
bsh,1001210,3,9,11,1,9,25.348415,8,1.90588,102
bsh,1001210,3,11,11,2,9,25.348415,0.983333,0.336185,5.01667
bsh,1001210,3,1,11,1,9,25.348415,9,2.22614,458.983
bsh,1001240,1,1,0,1,9,25.348415,,,264.55
bsh,1001240,1,2,7,1,9,25.348415,80.45,72.9597,1094.97
bsh,1001240,2,1,0,1,9,25.348415,,,139.983
bsh,1001240,2,2,9,1,9,25.348415,20.4667,3.16231,969.533
bsh,1001240,2,1,9,1,9,25.348415,20,3.16231,289
bsh,1001240,3,1,0,1,9,25.348415,,,300
bsh,1001240,3,4,10,1,9,25.348415,15,2.62256,405
bsh,1001240,3,6,10,1,9,25.348415,8,1.59225,331.983
bsh,1001240,3,1,10,1,9,25.348415,16,3.16441,363
bsh,1001270,1,1,0,1,9,25.348415,,,300
bsh,1001270,1,2,10,1,9,25.348415,21.3333,4.0343,495.667
bsh,1001270,1,1,10,1,9,25.348415,15.6333,4.0343,79.8667
bsh,1001270,1,7,10,1,9,25.348415,8.61667,3.00254,93.55
bsh,1001270,1,1,10,1,9,25.348415,8.6,3.00254,416.7
bsh,1001270,2,1,0,1,9,25.348415,,,210
bsh,1001270,2,2,9,1,9,25.348415,60,38.763,689.983
bsh,1001270,2,1,9,1,9,25.348415,60.0167,38.763,29.9833
bsh,1001270,2,6,10,1,9,25.348415,15.0167,3.59025,19.9833
bsh,1001270,2,1,10,1,9,25.348415,10,3.59025,344
bsh,1001270,3,1,0,1,9,25.348415,,,300
bsh,1001270,3,4,11,1,9,25.348415,21.65,4.0343,495.35
bsh,1001270,3,1,11,1,9,25.348415,15.05,4.0343,607.917
bsh,1001300,1,1,0,1,9,19.562874,,,464.983
bsh,1001300,1,4,2,1,9,19.562874,14.8333,0.996508,271.167
bsh,1001300,1,5,2,1,9,19.562874,2.86667,0.143699,0.233333
bsh,1001300,1,1,2,1,9,19.562874,9.9,0.875364,675
bsh,1001300,2,1,0,1,9,19.562874,,,508
bsh,1001300,2,5,3,1,9,19.562874,28.65,3.09852,43.35
bsh,1001300,2,5,8,1,9,19.562874,8.76667,1.48989,26.1
bsh,1001300,2,4,3,1,9,19.562874,19.6667,2.22916,385.467
bsh,1001300,2,10,1,1,9,19.562874,2,0.296435,123
bsh,1001300,2,1,11,1,9,19.562874,12,0.879342,281.983
bsh,1001310,1,1,0,1,9,19.562874,,,229.983
bsh,1001310,1,2,10,1,9,19.562874,19.0333,15.3902,595.983
bsh,1001310,1,1,10,1,9,19.562874,24.9833,15.3902,569
bsh,1001310,2,1,0,1,9,19.562874,,,533.517
bsh,1001310,2,11,10,1,9,19.562874,7.78333,1.95492,4.45
bsh,1001310,2,1,10,1,9,19.562874,9.81667,1.95492,4.96667
bsh,1001310,2,6,10,1,9,19.562874,5.88333,1.94762,5.9
bsh,1001310,2,5,10,1,9,19.562874,8.83333,2.52514,40.4667
bsh,1001310,2,5,10,1,9,19.562874,5.13333,0.400708,87.2167
bsh,1001310,2,11,10,1,9,19.562874,12.95,3.05242,140.5
bsh,1001310,2,1,10,1,9,19.562874,8.51667,1.95492,4.3
bsh,1001310,2,8,10,1,9,19.562874,6.71667,0.652672,15.65
bsh,1001310,2,10,10,1,9,19.562874,1.53333,0.718945,66.1167
bsh,1001310,2,1,10,1,9,19.562874,6.58333,1.3543,463.133
bsh,1001320,1,1,0,1,9,43.878876,,,316.983
bsh,1001320,1,5,10,2,9,43.878876,1.43333,0.384039,4.58333
bsh,1001320,1,11,10,2,9,43.878876,0.983333,0.328457,4.01667
bsh,1001320,1,11,10,1,9,43.878876,8.06667,1.8761,5.21667
bsh,1001320,1,1,10,1,9,43.878876,5.58333,1.3978,272.117
bsh,1001320,1,11,10,1,9,43.878876,3.98333,0.54984,13.0333
bsh,1001320,1,1,10,1,9,43.878876,3.3,0.54984,799.683
bsh,1001320,2,1,0,1,9,43.878876,,,218.467
bsh,1001320,2,2,8,1,9,43.878876,15.9833,20.1572,1205.52
bsh,1001320,3,1,0,1,9,43.878876,,,303.183
bsh,1001320,3,4,8,1,9,43.878876,14.0167,4.11163,432.8
bsh,1001320,3,11,8,1,9,43.878876,19.2333,5.50943,26.2833
bsh,1001320,3,8,8,1,9,43.878876,6.06667,1.78752,17.35
bsh,1001320,3,1,8,1,9,43.878876,3.03333,0.589993,618
bsh,1001320,4,1,0,1,9,43.878876,,,1438.98
bsh,1001320,5,1,0,1,9,43.878876,,,316.983
bsh,1001320,5,11,11,2,9,43.878876,1.43333,0.384039,4.58333
bsh,1001320,5,4,11,2,9,43.878876,0.983333,0.328457,312.017
bsh,1001320,5,1,11,1,9,43.878876,3.3,0.49685,799.683
bsh,1001320,6,1,0,1,9,43.878876,,,316.983
bsh,1001320,6,5,11,2,9,43.878876,1.43333,0.384039,4.58333
bsh,1001320,6,11,11,2,9,43.878876,0.983333,0.328457,4.01667
bsh,1001320,6,4,11,1,9,43.878876,8.06667,1.8761,458.933
bsh,1001320,6,8,8,1,9,43.878876,6.58333,1.78752,17.35
bsh,1001320,6,1,8,1,9,43.878876,3.03333,0.589993,618
bsh,1001330,1,1,0,1,9,43.878876,,,235
bsh,1001330,1,11,10,1,9,43.878876,8.75,2.7445,0.65
bsh,1001330,1,2,10,1,9,43.878876,9.16667,2.13269,547.783
bsh,1001330,1,7,10,1,9,43.878876,9.73333,2.3149,64.55
bsh,1001330,1,1,10,1,9,43.878876,5.36667,1.28445,59.9833
bsh,1001330,1,9,10,0,9,43.878876,4.83333,0.965724,0.183333
bsh,1001330,1,6,10,0,9,43.878876,11.3,2.54238,2.36667
bsh,1001330,1,1,10,0,9,43.878876,10.3167,2.93873,49.5167
bsh,1001330,1,5,10,0,9,43.878876,0.75,0.237254,17.7167
bsh,1001330,1,11,10,2,9,43.878876,2.86667,1.01064,2.33333
bsh,1001330,1,1,10,1,9,43.878876,3.63333,1.21516,392.183
bsh,1001330,2,1,0,1,9,43.878876,,,278.15
bsh,1001330,2,8,10,1,9,43.878876,8.93333,1.54617,15.4667
bsh,1001330,2,8,10,1,9,43.878876,10.4,2.25852,29.3833
bsh,1001330,2,5,10,0,9,43.878876,4.66667,0.572338,3.76667
bsh,1001330,2,6,10,0,9,43.878876,9.01667,2.74907,33.85
bsh,1001330,2,1,10,1,9,43.878876,9.45,1.85361,1035.9
bsh,1001330,3,1,0,1,9,43.878876,,,1015.97
bsh,1001330,3,5,1,1,9,43.878876,7.03333,0.241101,13.9833
bsh,1001330,3,11,11,2,9,43.878876,3.88333,1.0106,2.3
bsh,1001330,3,1,11,1,9,43.878876,3.71667,1.21516,393.083
bsh,1001330,4,1,0,1,9,43.878876,,,236.533
bsh,1001330,4,2,11,1,9,43.878876,7.16667,2.91572,531.317
bsh,1001330,4,1,9,1,9,43.878876,7.5,2.91572,657.45
bsh,1001330,5,1,0,1,9,43.878876,,,281.983
bsh,1001330,5,4,1,0,9,43.878876,18.0167,0.547672,225
bsh,1001330,5,5,1,1,9,43.878876,5,0.343405,8.98333
bsh,1001330,5,1,1,1,9,43.878876,4.01667,0.21887,896.967
bsh,1001330,6,1,0,1,9,43.878876,,,300.983
bsh,1001330,6,4,1,1,9,43.878876,9.01667,0.547672,147.183
bsh,1001330,6,1,1,1,9,43.878876,0.816667,0.547672,981.967
bsh,1001430,1,1,0,1,9,37.040001,,,260.017
bsh,1001430,1,11,1,5,9,37.040001,3.98333,0.242632,27.2167
bsh,1001430,1,2,9,20,9,37.040001,15.1833,15.3783,550.267
bsh,1001430,1,12,9,18,9,37.040001,21.3333,15.3937,0.983333
bsh,1001430,1,1,1,0,9,37.040001,4,0.225199,556.983
bsh,1001530,1,1,0,1,9,43.878876,,,229.45
bsh,1001530,1,6,10,1,9,43.878876,3.56667,0.256668,38.9667
bsh,1001530,1,2,10,1,9,43.878876,28.9167,5.42103,386.333
bsh,1001530,1,8,10,1,9,43.878876,12.0167,4.05638,42.5
bsh,1001530,1,6,10,1,9,43.878876,8.9,3.58939,20.6333
bsh,1001530,1,1,10,1,9,43.878876,11.3,3.93744,117.033
bsh,1001530,1,11,10,2,9,43.878876,5.28333,1.95311,0.183333
bsh,1001530,1,11,10,1,9,43.878876,3.53333,1.60858,0.316667
bsh,1001530,1,7,10,1,9,43.878876,7.06667,2.93401,44.3
bsh,1001530,1,11,10,1,9,43.878876,9.93333,4.52601,21.75
bsh,1001530,1,6,10,1,9,43.878876,6.18333,1.46346,4.13333
bsh,1001530,1,1,10,1,9,43.878876,3.7,0.835579,82
bsh,1001530,1,11,10,1,9,43.878876,6,2.22097,0.983333
bsh,1001530,1,1,10,1,9,43.878876,11.0167,2.22097,332.983
bsh,1001530,2,1,0,1,9,43.878876,,,260
bsh,1001530,2,2,9,1,9,43.878876,37.0333,32.9193,369.95
bsh,1001530,2,1,9,1,9,43.878876,89.0167,32.9193,683.967
bsh,1001530,3,1,0,1,9,43.878876,,,899.2
bsh,1001530,3,11,11,2,9,43.878876,5.76667,1.95311,0.183333
bsh,1001530,3,7,11,1,9,43.878876,2.85,1.67401,186.983
bsh,1001530,3,1,11,1,9,43.878876,11.6167,2.22097,332.383
bsh,1001530,4,1,0,1,9,43.878876,,,270
bsh,1001530,4,4,3,1,9,43.878876,10,2.82793,409.983
bsh,1001530,4,1,3,1,9,43.878876,30.0167,2.82793,718.983
bsh,1001530,5,1,0,1,9,43.878876,,,270
bsh,1001530,5,4,3,1,9,43.878876,10,2.74327,470
bsh,1001530,5,1,3,1,9,43.878876,29.9833,2.74327,120.017
bsh,1001530,5,4,11,2,9,43.878876,4,1.95311,87.9833
bsh,1001530,5,11,11,1,9,43.878876,6.01667,1.46488,3.98333
bsh,1001530,5,1,11,1,9,43.878876,4.01667,0.835579,432.983
bsh,1001530,6,1,0,1,9,43.878876,,,239.983
bsh,1001530,6,4,9,1,9,43.878876,50.0167,2.824,399.983
bsh,1001530,6,1,9,1,9,43.878876,30.0167,2.824,719.967
bsh,1001550,1,1,0,1,9,48.813015,,,238.333
bsh,1001550,1,11,10,1,9,48.813015,9.9,2.86849,22.55
bsh,1001550,1,2,10,1,9,48.813015,3.2,0.554055,1165
bsh,1001550,2,1,0,1,9,48.813015,,,238
bsh,1001550,2,2,11,1,9,48.813015,10.2833,2.86849,232.467
bsh,1001550,2,1,10,1,9,48.813015,16.4833,2.86849,942.733
bsh,1001550,3,1,0,1,9,48.813015,,,600.483
bsh,1001550,3,2,10,1,9,48.813015,68.35,79.4289,90.0333
bsh,1001550,3,1,10,1,9,48.813015,72.9333,79.4289,63.9167
bsh,1001550,3,10,10,1,9,48.813015,7.61667,1.94087,145.983
bsh,1001550,3,1,10,0,9,48.813015,6.38333,1.94087,1.3
bsh,1001550,3,5,10,1,9,48.813015,14.1,4.24532,120.6
bsh,1001550,3,1,10,1,9,48.813015,9.55,4.24532,8.78333
bsh,1001550,3,5,10,1,9,48.813015,4.4,2.19672,10.3833
bsh,1001550,3,7,10,1,9,48.813015,2.55,0.483203,211.617
bsh,1001550,4,1,0,1,9,48.813015,,,1438.98
bsh,1001590,1,1,0,1,9,48.813015,,,276
bsh,1001590,1,11,11,2,9,48.813015,2,0.13617,2.48333
bsh,1001590,1,2,11,1,9,48.813015,10.2667,5.92385,415.233
bsh,1001590,1,1,11,1,9,48.813015,26.5333,5.99698,707.45
bsh,1001590,2,1,0,1,9,48.813015,,,276
bsh,1001590,2,11,10,2,9,48.813015,2,0.13617,2.53333
bsh,1001590,2,11,10,1,9,48.813015,8.46667,5.94124,1
bsh,1001590,2,2,10,1,9,48.813015,6,2.50035,53.3333
bsh,1001590,2,2,10,1,9,48.813015,30.3167,26.7013,36.7333
bsh,1001590,2,2,10,1,9,48.813015,26.15,17.8951,29.3833
bsh,1001590,2,2,10,1,9,48.813015,18.5333,17.2503,7.86667
bsh,1001590,2,6,10,1,9,48.813015,3.6,1.27404,43.9167
bsh,1001590,2,1,10,1,9,48.813015,9.18333,5.67121,45.5333
bsh,1001590,2,3,10,1,9,48.813015,7.41667,2.37361,94.0167
bsh,1001590,2,11,10,0,9,48.813015,13.7167,3.63913,1.08333
bsh,1001590,2,1,10,1,9,48.813015,12.6333,5.93764,0.583333
bsh,1001590,2,7,10,1,9,48.813015,2.51667,1.20951,12.8167
bsh,1001590,2,1,10,0,9,48.813015,10.6667,1.20951,126.933
bsh,1001590,2,7,10,1,9,48.813015,18.2833,4.15214,223.217
bsh,1001590,2,1,10,1,9,48.813015,20.3333,4.15214,295.2
bsh,1001590,3,1,0,1,9,48.813015,,,260
bsh,1001590,3,11,11,2,9,48.813015,15.0333,4.05366,2.28333
bsh,1001590,3,4,11,1,9,48.813015,2.28333,0.96296,414.4
bsh,1001590,3,1,3,0,9,48.813015,27.9833,3.11051,717
bsh,1001590,4,1,0,1,9,48.813015,,,255
bsh,1001590,4,4,9,1,9,48.813015,29.9833,5.90126,405
bsh,1001590,4,1,9,1,9,48.813015,40.0167,5.90126,708.983
bsh,1001590,5,1,0,1,9,48.813015,,,260
bsh,1001590,5,4,11,2,9,48.813015,14.9833,4.5912,355.017
bsh,1001590,5,1,11,1,9,48.813015,20,4.5912,788.983
bsh,1001590,6,1,0,1,9,48.813015,,,276
bsh,1001590,6,4,11,2,9,48.813015,2,0.13617,442
bsh,1001590,6,1,1,1,9,48.813015,4.98333,0.13617,714
bsh,1001600,1,1,0,1,9,48.813015,,,256.567
bsh,1001600,1,11,10,1,9,48.813015,5.18333,1.20769,0.2
bsh,1001600,1,1,10,1,9,48.813015,3.05,1.20769,169.85
bsh,1001600,1,6,10,1,9,48.813015,6.73333,3.05191,4.7
bsh,1001600,1,6,10,1,9,48.813015,8.56667,2.90271,69.3833
bsh,1001600,1,1,10,1,9,48.813015,14.3,5.99254,63.4667
bsh,1001600,1,11,10,1,9,48.813015,7.98333,4.21971,2.01667
bsh,1001600,1,1,10,1,9,48.813015,11,4.18719,34.9833
bsh,1001600,1,11,10,1,9,48.813015,2.86667,1.20769,6.16667
bsh,1001600,1,1,10,1,9,48.813015,4.13333,1.24847,314.883
bsh,1001600,1,7,10,1,9,48.813015,5.35,3.13622,43
bsh,1001600,1,1,10,1,9,48.813015,6.16667,3.13622,398.433
bsh,1001600,2,1,0,1,9,48.813015,,,258
bsh,1001600,2,2,11,1,9,48.813015,10,1.31547,397
bsh,1001600,2,1,11,1,9,48.813015,6.15,1.31547,261.85
bsh,1001600,2,8,10,1,9,48.813015,4.16667,0.59855,20.8833
bsh,1001600,2,5,10,1,9,48.813015,2.65,0.458533,9.28333
bsh,1001600,2,1,10,1,9,48.813015,4.01667,1.05208,464.983
bsh,1001600,3,1,0,1,9,48.813015,,,136.9
bsh,1001600,3,2,9,1,9,48.813015,90.9833,58.7783,522.117
bsh,1001600,3,1,9,1,9,48.813015,77.9,58.7783,304.917
bsh,1001600,3,7,10,1,9,48.813015,3.76667,1.8558,141.567
bsh,1001600,3,1,10,1,9,48.813015,8.66667,1.8558,153.15
bsh,1001620,1,1,0,1,9,48.813015,,,287.983
bsh,1001620,1,11,10,4,9,48.813015,7.93333,1.43693,2.06667
bsh,1001620,1,5,10,1,9,48.813015,3.76667,1.37577,5.15
bsh,1001620,1,2,10,0,9,48.813015,17.0833,4.12142,334.833
bsh,1001620,1,1,10,1,9,48.813015,8.48333,4.31068,771.683
bsh,1001620,2,2,0,1,9,48.813015,,,12.9167
bsh,1001620,2,2,1,1,9,48.813015,2.6,0.064521,331.483
bsh,1001620,2,11,10,1,9,48.813015,0.916667,53.4794,7.7
bsh,1001620,2,1,10,1,9,48.813015,11.2833,4.39306,1072.08
bsh,1001620,3,1,0,1,9,48.813015,,,287.983
bsh,1001620,3,4,11,4,9,48.813015,7,1.43693,335.017
bsh,1001620,3,1,3,1,9,48.813015,14.9833,1.43693,794
bsh,1001620,4,1,0,1,9,48.813015,,,287.983
bsh,1001620,4,4,11,4,9,48.813015,7,1.43693,335.017
bsh,1001620,4,1,3,1,9,48.813015,14.9833,1.43693,794
bsh,1001620,5,1,0,1,9,48.813015,,,287.983
bsh,1001620,5,4,11,4,9,48.813015,7,1.43693,455.017
bsh,1001620,5,1,11,2,9,48.813015,10,1.43693,678.983
bsh,1001620,6,1,0,1,9,48.813015,,,287.983
bsh,1001620,6,11,11,4,9,48.813015,7,1.43693,2.01667
bsh,1001620,6,11,11,1,9,48.813015,3.98333,1.37577,5.01667
bsh,1001620,6,1,11,1,9,48.813015,2,0.375807,1130.98
bsh,1001640,1,1,0,1,9,48.813015,,,274.983
bsh,1001640,1,11,1,2,9,48.813015,5.01667,0.142471,1.98333
bsh,1001640,1,11,1,1,9,48.813015,3,0.24807,2.01667
bsh,1001640,1,2,11,1,9,48.813015,10,2.23606,453
bsh,1001640,1,11,11,1,9,48.813015,13,2.23606,3.98333
bsh,1001640,1,11,1,1,9,48.813015,7.26667,0.24807,7.75
bsh,1001640,1,1,1,2,9,48.813015,9,0.142471,648.967
bsh,1001640,2,1,0,1,9,48.813015,,,149.983
bsh,1001640,2,2,9,1,9,48.813015,45.7167,24.7895,554.3
bsh,1001640,2,1,9,1,9,48.813015,57.15,24.7895,34.85
bsh,1001640,2,10,11,1,9,48.813015,21.9833,5.53996,83.0333
bsh,1001640,2,6,11,1,9,48.813015,16.15,2.50421,32.6167
bsh,1001640,2,5,11,1,9,48.813015,11.5833,3.30946,10.6833
bsh,1001640,2,1,11,1,9,48.813015,5.93333,1.08405,415.983
bsh,1001640,3,1,0,1,9,48.813015,,,274.983
bsh,1001640,3,11,1,2,9,48.813015,5.01667,0.142471,1.98333
bsh,1001640,3,4,1,1,9,48.813015,3,0.24807,482
bsh,1001640,3,11,1,1,9,48.813015,7.26667,0.24807,7.75
bsh,1001640,3,1,1,2,9,48.813015,9,0.142471,647.983
bsh,1001640,4,1,0,1,9,48.813015,,,274.983
bsh,1001640,4,4,1,2,9,48.813015,5.01667,0.142471,502
bsh,1001640,4,1,1,2,9,48.813015,9,0.142471,648.967
bsh,1001690,1,1,0,1,9,43.189999,,,441.983
bsh,1001690,1,6,10,1,9,43.189999,10.5,3.99732,47.1333
bsh,1001690,1,6,10,1,9,43.189999,6.1,2.41124,13.3667
bsh,1001690,1,6,10,1,9,43.189999,9.03333,2.41124,33.5833
bsh,1001690,1,1,10,1,9,43.189999,2.91667,3.99732,218.367
bsh,1001690,1,6,10,1,9,43.189999,18.0167,4.14088,69.4667
bsh,1001690,1,1,10,1,9,43.189999,21.8167,4.14088,546.7
bsh,1001730,1,1,0,1,9,48.813015,,,255
bsh,1001730,1,11,10,4,9,48.813015,10,2.85811,0.983333
bsh,1001730,1,11,10,3,9,48.813015,9,3.64089,5.01667
bsh,1001730,1,11,10,2,9,48.813015,1,0.211509,5
bsh,1001730,1,2,10,1,9,48.813015,14,3.53296,172.383
bsh,1001730,1,1,10,1,9,48.813015,10.8667,1.96308,222.333
bsh,1001730,1,11,10,3,9,48.813015,13.7,5.45494,4.05
bsh,1001730,1,11,10,2,9,48.813015,1.3,0.211509,3.36667
bsh,1001730,1,1,10,3,9,48.813015,15.1,5.27189,695.883
bsh,1001730,2,1,0,1,9,48.813015,,,255
bsh,1001730,2,2,11,4,9,48.813015,10,2.85811,244.983
bsh,1001730,2,12,8,1,9,48.813015,15.0167,3.16302,119.983
bsh,1001730,2,1,3,1,9,48.813015,25.0167,3.65777,768.983
bsh,1001730,3,1,0,1,9,48.813015,,,280
bsh,1001730,3,4,9,1,9,48.813015,20,2.45028,440
bsh,1001730,3,1,9,1,9,48.813015,20,2.45028,678.983
bsh,1001730,4,1,0,1,9,48.813015,,,255
bsh,1001730,4,11,11,4,9,48.813015,10,2.85811,0.983333
bsh,1001730,4,11,11,3,9,48.813015,9,3.64089,5.01667
bsh,1001730,4,4,11,2,9,48.813015,1,0.211509,442.333
bsh,1001730,4,11,11,2,9,48.813015,1.3,0.211509,3.36667
bsh,1001730,4,1,11,3,9,48.813015,15.1,5.27189,695.883
bsh,1001730,5,1,0,1,9,48.813015,,,255
bsh,1001730,5,11,11,4,9,48.813015,10,2.85811,0.983333
bsh,1001730,5,11,11,3,9,48.813015,9,3.64089,5.01667
bsh,1001730,5,4,11,2,9,48.813015,1,0.211509,442.333
bsh,1001730,5,11,11,2,9,48.813015,1.3,0.211509,3.36667
bsh,1001730,5,1,11,3,9,48.813015,15.1,5.27189,695.883
bsh,1001730,6,1,0,1,9,48.813015,,,239.983
bsh,1001730,6,4,9,1,9,48.813015,20.0167,2.47649,370
bsh,1001730,6,1,9,1,9,48.813015,20,2.47649,788.983
bsh,1001730,7,1,0,1,9,48.813015,,,239.983
bsh,1001730,7,4,9,1,9,48.813015,20.0167,2.47649,370
bsh,1001730,7,1,9,1,9,48.813015,20,2.47649,788.983
bsh,1001730,8,1,0,1,9,48.813015,,,255
bsh,1001730,8,11,11,4,9,48.813015,10,2.85811,0.983333
bsh,1001730,8,4,11,3,9,48.813015,9,3.64089,453.017
bsh,1001730,8,1,11,3,9,48.813015,15.1,5.27189,695.883
bsh,1001760,1,1,0,1,9,48.813015,,,186.5
bsh,1001760,1,2,9,40,9,48.813015,75.8,60.1997,555.783
bsh,1001760,1,1,9,1,9,48.813015,79.0667,60.1997,542.817
bsh,1001760,2,1,0,1,9,48.813015,,,270
bsh,1001760,2,11,10,3,9,48.813015,8.71667,1.76646,0.216667
bsh,1001760,2,11,10,1,9,48.813015,2.86667,0.309067,0.533333
bsh,1001760,2,2,10,1,9,48.813015,36.9833,32.1523,315.25
bsh,1001760,2,11,10,1,9,48.813015,37.65,33.8025,5.3
bsh,1001760,2,11,10,1,9,48.813015,9.73333,2.78225,0.266667
bsh,1001760,2,11,10,1,9,48.813015,1.43333,0.315233,20.2167
bsh,1001760,2,1,10,3,9,48.813015,4.43333,1.71233,118.383
bsh,1001760,2,9,10,2,9,48.813015,20.1667,4.70393,75.65
bsh,1001760,2,1,10,1,9,48.813015,17.2167,4.70393,494.95
bsh,1001760,3,1,0,1,9,48.813015,,,270
bsh,1001760,3,11,11,3,9,48.813015,8.71667,1.76646,0.216667
bsh,1001760,3,4,11,1,9,48.813015,2.86667,0.309067,405.717
bsh,1001760,3,11,11,1,9,48.813015,1.43333,0.363379,20.2167
bsh,1001760,3,1,11,3,9,48.813015,3.83333,1.71233,725.983
bsh,1001760,4,1,0,1,9,48.813015,,,270
bsh,1001760,4,4,11,3,9,48.813015,8,1.81297,430.983
bsh,1001760,4,1,11,3,9,48.813015,4.01667,1.81297,117.983
bsh,1001760,4,9,11,2,9,48.813015,21.0167,4.70393,148
bsh,1001760,4,1,11,2,9,48.813015,10,4.70393,428.983
bsh,1001760,5,1,0,1,9,48.813015,,,270
bsh,1001760,5,4,11,3,9,48.813015,8,1.71233,430.983
bsh,1001760,5,1,11,3,9,48.813015,4.01667,1.71233,117.983
bsh,1001760,5,9,11,2,9,48.813015,21.0167,4.70393,148
bsh,1001760,5,1,11,2,9,48.813015,10,4.70393,428.983
bsh,1001780,1,1,0,1,9,43.189999,,,290
bsh,1001780,1,6,7,1,9,43.189999,121,89.5393,69
bsh,1001780,1,1,7,1,9,43.189999,119.983,89.5393,130.017
bsh,1001780,1,5,10,1,9,43.189999,20.9833,7.17625,14.0167
bsh,1001780,1,6,10,1,9,43.189999,11,3.38405,19
bsh,1001780,1,1,10,1,9,43.189999,16,3.95779,627.983
bsh,1001800,1,1,0,1,9,48.813015,,,1439.97
bsh,1001800,2,1,0,1,9,48.813015,,,900.233
bsh,1001800,2,5,11,1,9,48.813015,1.48333,0.282231,9.85
bsh,1001800,2,1,11,1,9,48.813015,1.48333,0.282231,526.917
bsh,1001800,3,1,0,1,9,48.813015,,,1439.97
bsh,1001830,1,1,0,1,9,48.813015,,,281.35
bsh,1001830,1,11,10,2,9,48.813015,5.41667,1.78854,5.7
bsh,1001830,1,8,10,1,9,48.813015,5.01667,0.497638,31.4333
bsh,1001830,1,11,10,1,9,48.813015,3.71667,0.62394,5.6
bsh,1001830,1,6,10,1,9,48.813015,7.35,2.94693,47.8667
bsh,1001830,1,2,10,1,9,48.813015,13.4333,4.18588,56.8833
bsh,1001830,1,3,10,1,9,48.813015,3.86667,1.18229,16.25
bsh,1001830,1,3,10,1,9,48.813015,7,1.83759,269.117
bsh,1001830,1,11,10,1,9,48.813015,28,2.48343,1.98333
bsh,1001830,1,1,10,2,9,48.813015,2.01667,0.848141,647.967
bsh,1001830,2,1,0,1,9,48.813015,,,265
bsh,1001830,2,2,12,1,9,48.813015,15,2.52772,499.983
bsh,1001830,2,1,12,1,9,48.813015,15.0167,2.52772,644.967
bsh,1001830,3,1,0,1,9,48.813015,,,281
bsh,1001830,3,4,11,2,9,48.813015,5.76667,1.78854,373.233
bsh,1001830,3,4,11,1,9,48.813015,10,1.12152,119.983
bsh,1001830,3,1,11,2,9,48.813015,2.01667,0.848141,647.967
bsh,1001830,4,1,0,1,9,48.813015,,,281
bsh,1001830,4,11,11,2,9,48.813015,5.76667,1.78854,5.23333
bsh,1001830,4,8,11,1,9,48.813015,5.48333,0.497638,31.4333
bsh,1001830,4,4,11,1,9,48.813015,3.71667,0.62394,457.35
bsh,1001830,4,1,11,2,9,48.813015,2.01667,0.848141,647.967
bsh,1001870,1,1,0,1,9,43.960041,,,270
bsh,1001870,1,11,11,3,9,43.960041,10,4.02732,1
bsh,1001870,1,2,11,1,9,43.960041,10.1167,4.20549,357.883
bsh,1001870,1,1,11,1,9,43.960041,8.25,3.04146,782.717
bsh,1001870,2,1,0,1,9,43.960041,,,270
bsh,1001870,2,11,10,3,9,43.960041,10,4.02732,1
bsh,1001870,2,11,10,1,9,43.960041,9.36667,4.20549,0.616667
bsh,1001870,2,8,10,1,9,43.960041,7.03333,2.81592,14.6167
bsh,1001870,2,1,10,1,9,43.960041,1.35,0.374227,34.9167
bsh,1001870,2,6,1,0,9,43.960041,13.0833,0.822768,5.73333
bsh,1001870,2,1,1,0,9,43.960041,13,0.822768,48.1833
bsh,1001870,2,9,10,1,9,43.960041,5.33333,1.21425,12.7667
bsh,1001870,2,6,10,1,9,43.960041,7.26667,2.97654,48.0333
bsh,1001870,2,5,10,1,9,43.960041,13.4667,3.43784,10.7167
bsh,1001870,2,11,10,1,9,43.960041,12.5,3.90048,40.3667
bsh,1001870,2,1,10,2,9,43.960041,10.6833,4.02732,45.5333
bsh,1001870,2,11,10,1,9,43.960041,9.05,3.04146,4.96667
bsh,1001870,2,1,10,1,9,43.960041,7.66667,3.04146,782.717
bsh,1001870,3,1,0,1,9,43.960041,,,1439.97
bsh,1001870,4,1,0,1,9,43.960041,,,1439.97
bsh,1001870,5,1,0,1,9,43.960041,,,1439.97
bsh,1001870,6,1,0,1,9,43.960041,,,270
bsh,1001870,6,4,11,3,9,43.960041,10,4.02732,299.35
bsh,1001870,6,1,11,2,9,43.960041,10.6833,4.02732,848.95
bsh,1001870,7,1,0,1,9,43.960041,,,270
bsh,1001870,7,4,11,3,9,43.960041,10,4.02732,299.35
bsh,1001870,7,1,11,2,9,43.960041,10.6833,4.02732,848.95
bsh,1001880,1,1,0,1,9,43.960041,,,276
bsh,1001880,1,11,10,4,9,43.960041,1,0.208298,3
bsh,1001880,1,11,10,3,9,43.960041,2.9,0.691347,1.86667
bsh,1001880,1,2,10,2,9,43.960041,18.2333,4.44363,419.7
bsh,1001880,1,1,10,2,9,43.960041,10.3167,3.57393,54.4
bsh,1001880,1,11,10,1,9,43.960041,1.21667,0.208298,3.83333
bsh,1001880,1,6,10,1,9,43.960041,3.65,1.05531,5.01667
bsh,1001880,1,9,10,1,9,43.960041,10.0833,3.09969,98.8667
bsh,1001880,1,6,10,1,9,43.960041,10.1833,3.09969,4.58333
bsh,1001880,1,1,10,1,9,43.960041,4.43333,0.909456,510.683
bsh,1001880,2,1,0,1,9,43.960041,,,276
bsh,1001880,2,11,11,5,9,43.960041,1,0.208298,3
bsh,1001880,2,11,11,3,9,43.960041,2.9,0.691347,1.1
bsh,1001880,2,11,11,2,9,43.960041,19,4.44363,0.983333
bsh,1001880,2,1,10,1,9,43.960041,18.0167,3.57393,383
bsh,1001880,2,11,10,1,9,43.960041,16,3.57393,1.7
bsh,1001880,2,1,11,2,9,43.960041,10.3167,3.57393,705.967
bsh,1001880,3,1,0,1,9,43.960041,,,276
bsh,1001880,3,11,11,4,9,43.960041,1,0.208298,3
bsh,1001880,3,4,11,3,9,43.960041,2.9,0.691347,347.1
bsh,1001880,3,1,1,0,9,43.960041,20,0.869775,788.983
bsh,1001880,4,1,0,1,9,43.960041,,,276
bsh,1001880,4,4,11,4,9,43.960041,1,0.208298,515.467
bsh,1001880,4,11,11,1,9,43.960041,3.65,1.05531,5.01667
bsh,1001880,4,11,11,1,9,43.960041,10.0833,3.09969,98.8667
bsh,1001880,4,11,11,1,9,43.960041,10.1833,3.09969,4.58333
bsh,1001880,4,1,11,1,9,43.960041,4.43333,0.909456,510.683
bsh,1001880,5,1,0,1,9,43.960041,,,276
bsh,1001880,5,11,11,4,9,43.960041,1,0.208298,3
bsh,1001880,5,11,11,3,9,43.960041,2.9,0.691347,1.1
bsh,1001880,5,11,11,2,9,43.960041,19,4.44363,0.983333
bsh,1001880,5,1,11,1,9,43.960041,18.0167,3.57393,383
bsh,1001880,5,11,11,1,9,43.960041,16,3.57393,0.983333
bsh,1001880,5,1,11,2,9,43.960041,11.0333,3.57393,705.967
bsh,1001890,1,1,0,1,9,34.472309,,,390
bsh,1001890,1,6,10,1,9,34.472309,37.3167,33.7888,119.817
bsh,1001890,1,1,10,1,9,34.472309,33.65,33.7888,217.217
bsh,1001890,1,10,10,1,9,34.472309,5.45,1.95192,91.3167
bsh,1001890,1,1,10,1,9,34.472309,6.68333,1.95192,260.633
bsh,1001890,1,7,10,1,9,34.472309,7.7,2.65049,61.2167
bsh,1001890,1,11,11,1,9,34.472309,4.98333,0.820592,4.48333
bsh,1001890,1,9,11,2,9,34.472309,1.53333,0.602601,75.3
bsh,1001890,1,6,11,2,9,34.472309,2.71667,0.637852,8.65
bsh,1001890,1,1,10,1,9,34.472309,11.5833,2.07717,99.7167
bsh,1001890,2,1,0,1,9,34.472309,,,324.517
bsh,1001890,2,2,7,1,9,34.472309,106.133,88.1531,400.333
bsh,1001890,2,1,7,1,9,34.472309,105.867,88.1531,503.117
bsh,1002000,1,1,0,1,9,43.960041,,,343.917
bsh,1002000,1,11,1,2,9,43.960041,1.8,0.0406545,14.2833
bsh,1002000,1,9,1,1,9,43.960041,1.98333,0.0616959,118.017
bsh,1002000,1,9,1,1,9,43.960041,5,0.197354,177
bsh,1002000,1,1,1,1,9,43.960041,64,0.106799,214
bsh,1002000,1,10,1,1,9,43.960041,3.98333,0.223063,41.0167
bsh,1002000,1,1,1,1,9,43.960041,3.8,0.223063,451.167
bsh,1002000,2,1,0,1,9,43.960041,,,342.567
bsh,1002000,2,2,10,1,9,43.960041,12.1167,5.00217,550.25
bsh,1002000,2,1,10,1,9,43.960041,13.85,5.00217,521.183
bsh,1002000,3,1,0,1,9,43.960041,,,342.983
bsh,1002000,3,4,1,2,9,43.960041,2.73333,0.0406545,192.283
bsh,1002000,3,1,1,2,9,43.960041,2,0.0406545,898.983
bsh,1002000,4,1,0,1,9,43.960041,,,342.983
bsh,1002000,4,11,1,2,9,43.960041,2.73333,0.0406545,14.2833
bsh,1002000,4,9,1,1,9,43.960041,1.98333,0.0616959,118.017
bsh,1002000,4,9,1,1,9,43.960041,5,0.197354,177.817
bsh,1002000,4,1,1,1,9,43.960041,6.35,0.106799,270.833
bsh,1002000,4,10,1,1,9,43.960041,3.98333,0.223063,41.0167
bsh,1002000,4,1,1,1,9,43.960041,3.8,0.223063,451.167
bsh,1002010,1,1,0,1,9,43.960041,,,283
bsh,1002010,1,11,10,1,9,43.960041,1.98333,0.302965,2.4
bsh,1002010,1,1,10,0,9,43.960041,2.6,0.302965,8.16667
bsh,1002010,1,2,10,1,9,43.960041,17.7833,3.89759,554.05
bsh,1002010,1,1,10,1,9,43.960041,15.0167,3.89759,554.967
bsh,1002010,2,1,0,1,9,43.960041,,,688
bsh,1002010,2,6,8,1,9,43.960041,4,1.34448,28
bsh,1002010,2,11,8,1,9,43.960041,0.4,1.61881,10.5333
bsh,1002010,2,1,8,2,9,43.960041,1.05,0.302965,707.983
bsh,1002010,3,1,0,1,9,43.960041,,,283
bsh,1002010,3,4,11,1,9,43.960041,1.98333,0.302965,445.95
bsh,1002010,3,1,8,2,9,43.960041,1.05,0.302965,707.983
bsh,1002010,4,1,0,1,9,43.960041,,,688
bsh,1002010,4,11,8,1,9,43.960041,4,1.34448,28
bsh,1002010,4,11,8,1,9,43.960041,4.98333,1.61881,2.01667
bsh,1002010,4,1,8,2,9,43.960041,3,0.302965,709.967
bsh,1002020,1,1,0,1,9,43.960041,,,583
bsh,1002020,1,6,11,3,9,43.960041,73,92.4227,72
bsh,1002020,1,1,11,3,9,43.960041,67,92.4227,644.967
bsh,1002020,2,1,0,1,9,43.960041,,,366.517
bsh,1002020,2,2,10,1,9,43.960041,9.03333,3.95255,142.183
bsh,1002020,2,6,10,1,9,43.960041,5.83333,1.37294,5.06667
bsh,1002020,2,6,10,0,9,43.960041,6.36667,3.37228,2
bsh,1002020,2,1,10,1,9,43.960041,3,0.884576,43.65
bsh,1002020,2,6,10,3,9,43.960041,72.35,92.4227,72
bsh,1002020,2,1,10,3,9,43.960041,67.2167,92.4227,11.7333
bsh,1002020,2,6,10,1,9,43.960041,3.05,0.31688,11
bsh,1002020,2,11,10,1,9,43.960041,1.2,0.231869,0.616667
bsh,1002020,2,2,10,1,9,43.960041,9.83333,3.8786,124.233
bsh,1002020,2,7,10,1,9,43.960041,10.3167,2.29325,37.7833
bsh,1002020,2,1,10,1,9,43.960041,5.01667,1.70015,429.967
bsh,1002020,3,1,0,1,9,43.960041,,,583
bsh,1002020,3,11,11,3,9,43.960041,73,92.4227,72
bsh,1002020,3,1,11,3,9,43.960041,67,92.4227,10.9833
bsh,1002020,3,11,11,1,9,43.960041,4.01667,0.31688,11
bsh,1002020,3,1,11,1,9,43.960041,9,0.31688,609.967
bsh,1002020,4,1,0,1,9,43.960041,,,583
bsh,1002020,4,11,11,3,9,43.960041,73,92.4227,72
bsh,1002020,4,1,11,3,9,43.960041,67,92.4227,644.967
bsh,1002050,1,1,0,1,9,43.960041,,,366.583
bsh,1002050,1,8,10,3,9,43.960041,9.41667,2.70745,65
bsh,1002050,1,11,10,3,9,43.960041,8.51667,3.08291,8.48333
bsh,1002050,1,11,10,1,9,43.960041,13.6167,6.10898,1.2
bsh,1002050,1,2,10,1,9,43.960041,16.7333,14.993,320.45
bsh,1002050,1,6,10,1,9,43.960041,24.2167,12.4569,19.1
bsh,1002050,1,6,10,1,9,43.960041,4.51667,0.360679,36.8333
bsh,1002050,1,11,10,0,9,43.960041,2.33333,4.72482,1
bsh,1002050,1,7,10,2,9,43.960041,2,0.97748,59.9833
bsh,1002050,1,1,10,2,9,43.960041,10,2.17952,469.983
bsh,1002050,2,1,0,1,9,43.960041,,,365.033
bsh,1002050,2,8,11,3,9,43.960041,11.3,2.70745,65.1167
bsh,1002050,2,11,11,3,9,43.960041,8.06667,3.08291,8.56667
bsh,1002050,2,2,11,1,9,43.960041,13.5333,6.10898,385.367
bsh,1002050,2,1,11,1,9,43.960041,22.3167,3.98954,560.667
bsh,1002050,3,1,0,1,9,43.960041,,,366.583
bsh,1002050,3,8,11,3,9,43.960041,9.41667,2.70745,65
bsh,1002050,3,4,11,3,9,43.960041,8.51667,3.08291,448.483
bsh,1002050,3,7,11,2,9,43.960041,2,0.97748,59.9833
bsh,1002050,3,1,11,2,9,43.960041,10,2.17952,469.983
bsh,1002050,4,1,0,1,9,43.960041,,,366
bsh,1002050,4,8,11,3,9,43.960041,10,2.70745,65
bsh,1002050,4,4,11,3,9,43.960041,8.51667,3.08291,448.483
bsh,1002050,4,7,11,2,9,43.960041,2,0.97748,59.9833
bsh,1002050,4,1,11,2,9,43.960041,10,2.17952,469.983
bsh,1002070,1,1,0,1,9,43.960041,,,616.333
bsh,1002070,1,11,7,1,9,43.960041,96.5,74.3195,5.83333
bsh,1002070,1,11,1,1,9,43.960041,15.3333,0.71249,13.9833
bsh,1002070,1,1,7,1,9,43.960041,91.3833,74.007,600.6
bsh,1002070,2,1,0,1,9,43.960041,,,212.333
bsh,1002070,2,2,10,1,9,43.960041,15.4833,16.3649,342.5
bsh,1002070,2,3,10,1,9,43.960041,15.0167,12.8511,164.983
bsh,1002070,2,1,10,1,9,43.960041,8.4,4.15581,146.883
bsh,1002070,2,3,10,1,9,43.960041,11.9833,3.86738,7.88333
bsh,1002070,2,12,10,0,9,43.960041,1.21667,0.424211,114.333
bsh,1002070,2,3,10,0,9,43.960041,9.73333,2.4567,15.85
bsh,1002070,2,1,10,1,9,43.960041,10.3667,4.89804,69.1167
bsh,1002070,2,3,10,1,9,43.960041,15.4667,20.8148,6.05
bsh,1002070,2,1,10,1,9,43.960041,29.9167,20.8148,242.45
bsh,1002070,3,1,0,1,9,43.960041,,,300
bsh,1002070,3,4,3,1,9,43.960041,10,1.13509,320
bsh,1002070,3,1,3,1,9,43.960041,10,1.13509,135
bsh,1002070,3,3,3,1,9,43.960041,4.98333,1.07376,90
bsh,1002070,3,10,3,1,9,43.960041,15.0167,1.31685,74.9833
bsh,1002070,3,1,3,1,9,43.960041,20.0167,2.38874,458.983
bsh,1002080,1,1,0,1,9,43.960041,,,209.633
bsh,1002080,1,2,10,1,9,43.960041,26.7667,31.2384,558.6
bsh,1002080,1,6,10,1,9,43.960041,34.6,31.6642,123.4
bsh,1002080,1,1,10,1,9,43.960041,8.86667,2.99205,478.1
bsh,1002080,2,1,0,1,9,43.960041,,,273.283
bsh,1002080,2,2,10,1,9,43.960041,13.4,3.14758,613.317
bsh,1002080,2,1,10,1,9,43.960041,8.21667,3.14758,531.75
bsh,1002080,3,1,0,1,9,43.960041,,,403.533
bsh,1002080,3,11,11,2,9,43.960041,3.23333,2.22933,0.35
bsh,1002080,3,9,11,1,9,43.960041,8.38333,2.2647,46.4833
bsh,1002080,3,7,11,1,9,43.960041,6,1.24436,176.083
bsh,1002080,3,1,11,1,9,43.960041,14.7667,4.53091,304.867
bsh,1002080,3,6,10,1,9,43.960041,8.2,4.03584,6.63333
bsh,1002080,3,1,10,1,9,43.960041,10.9,4.03584,108.583
bsh,1002080,3,10,10,1,9,43.960041,6.6,5.24119,35.3667
bsh,1002080,3,1,10,1,9,43.960041,15.0167,5.24119,284.967
bsh,1002080,4,1,0,1,9,43.960041,,,401.15
bsh,1002080,4,4,11,2,9,43.960041,6.05,2.22933,185.617
bsh,1002080,4,11,11,2,9,43.960041,6.83333,3.32607,0.333333
bsh,1002080,4,7,11,1,9,43.960041,11.25,2.70292,32.7667
bsh,1002080,4,1,11,2,9,43.960041,14.8333,4.53091,304.867
bsh,1002080,4,6,11,1,9,43.960041,8.25,4.0366,6.05
bsh,1002080,4,1,11,1,9,43.960041,10.9833,4.0366,450.983
